Sample Index,Case Name,Temperature (K),HTC (W/m^2K),Glass thickness (m),Glass thermal conductivity (k:W/mK),Air Thermal conductivity (k:W/mK),Air Viscosity (kg/ms),He Thermal conductivity (k:W/mK),He Viscosity (kg/ms)
1,onc_0001,1107.256301,9.512071633,0.003195982,2.477585272,0.034716718,2.37E-05,0.174030755,5.59E-05
2,onc_0002,1248.876938,7.10991852,0.001061753,3.145837734,0.074632752,2.55E-05,0.214041285,2.74E-05
3,onc_0003,1063.316614,5.295088673,0.002295835,1.924212452,0.061615668,2.31E-05,0.249712051,3.51E-05
4,onc_0004,1158.216544,7.873242018,0.001599021,2.325621989,0.060468605,2.00E-05,0.351693552,2.69E-05
5,onc_0005,913.8104982,9.493966819,0.003896896,2.855115227,0.043485372,2.17E-05,0.376489907,3.82E-05
6,onc_0006,949.4299987,5.00225141,0.001103166,3.036776724,0.040780703,4.04E-05,0.256038659,4.15E-05
7,onc_0007,1214.87126,1.93005911,0.003908754,2.795239082,0.080950184,4.81E-05,0.348574979,5.82E-05
8,onc_0008,928.4622384,2.040230338,0.001135682,1.985594595,0.048445992,2.75E-05,0.423213986,3.47E-05
9,onc_0009,1048.748115,5.472691223,0.001422773,2.843954565,0.029909261,5.12E-05,0.404947624,2.81E-05
10,onc_0010,876.6015993,8.173068142,0.003120572,2.712212902,0.071022952,2.10E-05,0.271156309,2.46E-05
11,onc_0011,1412.632796,6.270651456,0.001992694,1.514405031,0.043861183,2.93E-05,0.391160862,4.64E-05
12,onc_0012,1427.702325,4.774927759,0.001358783,2.683840617,0.07040421,3.71E-05,0.404534528,4.04E-05
13,onc_0013,1199.884155,4.332656082,0.001076257,1.594204569,0.027364648,3.96E-05,0.256893863,4.10E-05
14,onc_0014,1440.424425,2.567993069,0.002231149,2.759992049,0.039011465,2.10E-05,0.248938235,2.65E-05
15,onc_0015,1454.257518,8.100391758,0.002900211,2.968629062,0.07293499,2.47E-05,0.443850027,4.23E-05
16,onc_0016,1377.840469,8.971303869,0.00195401,1.598093464,0.038960539,3.26E-05,0.419746894,5.57E-05
17,onc_0017,877.4954292,5.156398296,0.002252233,1.799794059,0.0325833,2.97E-05,0.460130424,3.33E-05
18,onc_0018,1197.420078,7.059887693,0.002090889,3.149207749,0.082304375,2.68E-05,0.316030332,3.23E-05
19,onc_0019,1051.189551,0.465180779,0.002828693,2.304822242,0.02854778,2.77E-05,0.448928692,2.98E-05
20,onc_0020,963.7165398,4.945582327,0.003956951,1.835699489,0.06517297,4.37E-05,0.232087723,5.02E-05
21,onc_0021,1103.032847,6.359827723,0.002900589,2.364394431,0.030838033,4.61E-05,0.258971026,2.76E-05
22,onc_0022,898.6365022,5.949840138,0.003032693,1.429858092,0.055728803,2.60E-05,0.36386017,2.71E-05
23,onc_0023,1305.020633,3.928679928,0.00381019,1.647537699,0.045636453,2.23E-05,0.454240435,5.64E-05
24,onc_0024,1034.376414,6.633842056,0.003451667,2.399361461,0.056764879,2.65E-05,0.185353849,5.72E-05
25,onc_0025,1435.956307,6.367704427,0.002017089,2.028577234,0.068348916,4.82E-05,0.442080524,5.23E-05
26,onc_0026,1274.45188,0.932985653,0.001484886,3.017397539,0.061295606,1.88E-05,0.188059809,4.75E-05
27,onc_0027,876.313743,1.691999709,0.002646201,2.645411356,0.063982478,2.59E-05,0.385526029,2.97E-05
28,onc_0028,1076.541081,7.490264911,0.002948899,2.928602139,0.064315983,3.73E-05,0.185538799,3.51E-05
29,onc_0029,1038.91474,2.515497469,0.003919032,2.107575904,0.078150001,3.94E-05,0.412244287,4.08E-05
30,onc_0030,1233.743773,4.975925169,0.001585729,2.700413807,0.042078482,1.93E-05,0.363957012,2.72E-05
31,onc_0031,1460.983638,9.543892912,0.003744593,2.06628566,0.026422101,4.92E-05,0.293699063,6.01E-05
32,onc_0032,1475.460667,8.544793609,0.001883347,2.093175911,0.075735893,2.90E-05,0.210053785,4.30E-05
33,onc_0033,1458.293542,6.990694987,0.002710184,1.574917689,0.061801806,5.13E-05,0.200544765,4.14E-05
34,onc_0034,1421.552039,7.433609316,0.003091047,2.664471351,0.046723707,2.82E-05,0.416948836,5.36E-05
35,onc_0035,1415.113553,9.14108147,0.002534027,2.30272933,0.072617697,4.00E-05,0.38222397,5.30E-05
36,onc_0036,1429.447839,3.446152053,0.002126749,1.569167492,0.059634527,1.97E-05,0.305796463,4.24E-05
37,onc_0037,1052.25261,5.94924928,0.001091501,1.46722674,0.074051967,3.04E-05,0.196333746,4.16E-05
38,onc_0038,1354.43447,2.236628172,0.002868671,1.553625437,0.028559758,3.61E-05,0.33005896,4.64E-05
39,onc_0039,1326.993388,9.760935587,0.002548901,1.981321651,0.072434235,2.75E-05,0.297187019,2.31E-05
40,onc_0040,888.9954822,9.630219305,0.00350794,2.652753571,0.049642466,2.42E-05,0.205832353,3.02E-05
41,onc_0041,1216.444127,7.174499635,0.002980592,1.903881015,0.081856957,4.29E-05,0.334494839,4.53E-05
42,onc_0042,1135.421019,2.552536796,0.002067918,2.764122999,0.026359365,2.23E-05,0.170124494,2.15E-05
43,onc_0043,1407.855638,7.066212808,0.002422521,1.576101489,0.054520437,3.42E-05,0.211253093,3.79E-05
44,onc_0044,1122.235384,6.196915971,0.002905281,1.481547218,0.04761603,3.92E-05,0.317934078,5.55E-05
45,onc_0045,1284.866454,1.713050828,0.001211706,2.556354701,0.027074442,3.79E-05,0.459264046,4.38E-05
46,onc_0046,1115.775612,6.468553363,0.002374759,2.382110221,0.08106619,3.13E-05,0.466041357,5.76E-05
47,onc_0047,995.5292488,0.786676879,0.001302334,1.432799286,0.031083114,4.11E-05,0.178268138,3.31E-05
48,onc_0048,1401.239313,0.330392164,0.003443405,1.907338595,0.032482951,4.16E-05,0.35861238,5.64E-05
49,onc_0049,1332.606156,8.054461211,0.001846104,1.719391179,0.069804057,4.52E-05,0.475519933,3.70E-05
50,onc_0050,1105.679905,7.786488311,0.002022411,3.075363186,0.076165258,3.27E-05,0.398036651,5.13E-05
51,onc_0051,937.6075742,9.035273776,0.002515757,2.887623439,0.044396247,4.81E-05,0.281094471,2.03E-05
52,onc_0052,1439.059004,1.0037381,0.001957941,3.110111541,0.081605683,3.75E-05,0.359548244,3.85E-05
53,onc_0053,1056.421393,3.353778999,0.003017555,2.754274153,0.072221375,4.46E-05,0.184740581,4.04E-05
54,onc_0054,909.1271029,5.540335935,0.002324592,2.997867529,0.046217626,2.24E-05,0.20148493,5.16E-05
55,onc_0055,1259.5672,1.101114494,0.00125232,2.661744437,0.029803772,4.57E-05,0.383606362,2.32E-05
56,onc_0056,926.1778132,9.867731827,0.002122812,2.067155865,0.073473606,4.99E-05,0.474063584,5.12E-05
57,onc_0057,1108.331054,0.926657095,0.003331441,2.40512765,0.050543499,4.85E-05,0.191204594,4.03E-05
58,onc_0058,880.2465957,4.739740356,0.00116891,1.613872249,0.032445268,4.00E-05,0.396476151,4.41E-05
59,onc_0059,1474.555951,3.811218737,0.001857136,2.963478431,0.038704474,5.04E-05,0.159180028,6.02E-05
60,onc_0060,900.127103,8.922316826,0.002583103,3.187336633,0.029864763,3.68E-05,0.468664282,4.16E-05
61,onc_0061,1266.555619,6.987912021,0.002363623,2.529604544,0.059990606,4.83E-05,0.169944633,3.15E-05
62,onc_0062,1467.204698,8.913611461,0.00236697,2.516238676,0.041878367,2.47E-05,0.305182242,3.45E-05
63,onc_0063,1237.964253,0.869572906,0.003923184,3.17517934,0.066708784,3.62E-05,0.255332659,5.37E-05
64,onc_0064,1301.141219,1.7099077,0.003732782,2.880567037,0.081558048,4.25E-05,0.353591669,3.72E-05
65,onc_0065,1456.151939,8.674032506,0.001135656,1.447460554,0.047725244,4.53E-05,0.474475864,2.61E-05
66,onc_0066,1244.511404,3.870819481,0.003909743,2.915814062,0.07498009,3.40E-05,0.289377738,3.12E-05
67,onc_0067,908.3875042,8.660751525,0.003438703,3.199491812,0.084321912,3.69E-05,0.403894391,5.92E-05
68,onc_0068,1404.222102,2.548746207,0.002351632,1.632486947,0.081808908,3.86E-05,0.229179365,4.78E-05
69,onc_0069,1259.511057,3.645810909,0.001340673,2.608831752,0.056213552,4.41E-05,0.323439666,5.53E-05
70,onc_0070,1218.11937,5.653285918,0.003629961,2.126269159,0.033418289,1.95E-05,0.39941608,4.57E-05
71,onc_0071,1313.235059,2.208345199,0.001409114,1.426180398,0.046198303,3.80E-05,0.28207819,3.80E-05
72,onc_0072,1438.294392,3.547729124,0.002541968,2.810575423,0.048910138,3.91E-05,0.434086682,5.94E-05
73,onc_0073,965.0782793,9.273217489,0.002476349,1.864839899,0.052603773,5.09E-05,0.314533135,3.35E-05
74,onc_0074,1269.057204,2.477441626,0.00122759,1.631983499,0.033066033,2.35E-05,0.200138378,4.65E-05
75,onc_0075,986.8341468,3.522106105,0.003690365,2.253130952,0.064902832,2.42E-05,0.217424731,2.15E-05
76,onc_0076,978.7428612,2.858044356,0.001531031,1.559664561,0.032628768,3.38E-05,0.221965945,3.50E-05
77,onc_0077,1187.810965,6.934908803,0.001117936,2.838938718,0.062562637,2.12E-05,0.437712912,5.82E-05
78,onc_0078,911.3267788,2.841088717,0.003418604,2.746867443,0.036398654,2.54E-05,0.27503845,4.00E-05
79,onc_0079,1259.590145,3.752245032,0.002387604,2.745447689,0.02767469,2.69E-05,0.385904455,5.71E-05
80,onc_0080,1192.973985,5.367923504,0.001321516,2.20534226,0.056939944,2.65E-05,0.242307106,3.55E-05
81,onc_0081,885.6955022,3.288583739,0.001634344,1.989495234,0.032577208,4.80E-05,0.347182184,4.81E-05
82,onc_0082,1366.421483,5.034577769,0.001260761,2.366791775,0.060139714,4.32E-05,0.294822798,2.51E-05
83,onc_0083,1050.52413,3.694514734,0.002937752,2.427400948,0.046523401,5.12E-05,0.35112123,2.97E-05
84,onc_0084,936.7691345,1.613305478,0.001737873,1.689226472,0.03651939,2.79E-05,0.211308618,5.72E-05
85,onc_0085,923.3001027,5.292662757,0.00223119,3.16828151,0.032121458,3.17E-05,0.46871857,5.59E-05
86,onc_0086,1383.860898,2.653237988,0.001512663,2.603557796,0.080352825,3.69E-05,0.340075247,3.15E-05
87,onc_0087,1354.121558,1.951733111,0.001971038,2.16578559,0.055464278,2.65E-05,0.192381339,4.53E-05
88,onc_0088,1053.558527,5.854258392,0.001463088,2.266052183,0.056938302,2.02E-05,0.264087627,2.54E-05
89,onc_0089,912.7625253,9.900606301,0.001967062,2.857774003,0.04053644,4.11E-05,0.401062076,4.46E-05
90,onc_0090,1167.908697,4.17722505,0.002046605,3.07315246,0.074525162,5.04E-05,0.195440264,5.03E-05
91,onc_0091,1459.659703,1.894207355,0.001199489,2.734017169,0.059409873,4.64E-05,0.200444,5.30E-05
92,onc_0092,999.1771564,1.720193834,0.001492797,2.866234496,0.064763537,3.58E-05,0.271274249,5.64E-05
93,onc_0093,1118.447814,8.184334451,0.002317405,2.078499973,0.052812907,2.85E-05,0.396982017,4.08E-05
94,onc_0094,1018.294545,9.005788275,0.002151674,2.37839515,0.079001258,3.92E-05,0.193047812,5.90E-05
95,onc_0095,1265.498919,3.415565585,0.001417816,2.829245341,0.062100725,3.62E-05,0.444281228,5.27E-05
96,onc_0096,967.9543836,3.186048471,0.001745467,2.739103327,0.027488762,3.74E-05,0.401783391,5.64E-05
97,onc_0097,1086.968197,8.230447316,0.001331895,2.923614125,0.033033154,3.17E-05,0.413047484,2.61E-05
98,onc_0098,1016.443585,7.250300427,0.00316011,2.554065739,0.066460157,3.65E-05,0.236666708,3.42E-05
99,onc_0099,986.6576529,9.093660557,0.002750175,2.12153255,0.052773135,4.99E-05,0.204834643,4.42E-05
100,onc_0100,1189.355719,6.153396931,0.001054331,2.969823036,0.080514648,3.72E-05,0.380505077,5.83E-05
101,onc_0101,1315.209508,1.610136525,0.002728865,2.492087083,0.05053811,4.29E-05,0.457368231,5.84E-05
102,onc_0102,1154.947149,1.221056654,0.003954524,2.910016556,0.032866391,4.90E-05,0.43652229,4.14E-05
103,onc_0103,1242.726711,4.050126768,0.001164285,2.003355035,0.072886682,1.87E-05,0.263083622,3.64E-05
104,onc_0104,1209.049122,9.206570602,0.002039038,2.024515763,0.069030224,3.35E-05,0.227873723,3.87E-05
105,onc_0105,961.1926806,1.846231166,0.002495103,2.154065809,0.079495399,3.05E-05,0.342977437,4.62E-05
106,onc_0106,881.3346901,6.669019983,0.001534108,3.129926571,0.034282643,3.22E-05,0.182846962,6.14E-05
107,onc_0107,1187.046991,5.994311671,0.001201229,2.749928847,0.037896608,4.82E-05,0.221579851,2.78E-05
108,onc_0108,895.9953699,4.773462757,0.002694523,1.518275551,0.071274175,3.35E-05,0.32480635,3.82E-05
109,onc_0109,1123.646951,5.64043928,0.001465721,1.727470635,0.076364292,4.98E-05,0.275955834,3.11E-05
110,onc_0110,1275.681915,4.146468294,0.001076159,1.681074675,0.067759789,4.03E-05,0.164011218,2.91E-05
111,onc_0111,1017.583302,6.751738162,0.001059132,1.587395448,0.072713347,2.44E-05,0.366308927,2.97E-05
112,onc_0112,935.3058425,2.507404691,0.003166801,2.940253643,0.074501585,3.16E-05,0.371268648,2.83E-05
113,onc_0113,1056.381989,8.973724603,0.001039006,1.553915356,0.037777446,1.94E-05,0.213915334,4.41E-05
114,onc_0114,1136.561415,8.93744994,0.003452331,2.015271233,0.040818674,3.11E-05,0.346115967,3.10E-05
115,onc_0115,1263.274275,4.153175357,0.002656142,2.185027752,0.042886535,4.99E-05,0.402154297,2.56E-05
116,onc_0116,1415.985908,4.925568863,0.003683657,2.839739461,0.050602008,1.92E-05,0.242124137,4.24E-05
117,onc_0117,1269.105561,2.653088086,0.001418068,2.902874426,0.083599941,3.59E-05,0.21076078,3.12E-05
118,onc_0118,884.6450924,9.151558185,0.001353253,2.437729656,0.041682101,3.68E-05,0.365880268,5.44E-05
119,onc_0119,1002.173616,0.208858704,0.001410657,3.020033555,0.07707858,3.83E-05,0.349421122,4.75E-05
120,onc_0120,982.7658177,9.152678265,0.002256312,2.089649351,0.056131528,2.01E-05,0.209016064,5.06E-05
121,onc_0121,924.9033074,6.071205884,0.001736047,2.100732105,0.042545925,3.03E-05,0.387746303,3.22E-05
122,onc_0122,1227.18122,4.812898982,0.002991013,3.086293531,0.068739353,2.56E-05,0.165332755,3.07E-05
123,onc_0123,1245.103461,0.609115553,0.002489099,2.474317128,0.045233857,4.40E-05,0.189717479,2.29E-05
124,onc_0124,1328.304382,5.00536403,0.003065207,2.182689209,0.040050276,4.56E-05,0.41373313,4.88E-05
125,onc_0125,1043.254318,5.943283602,0.002082922,1.564847732,0.079641017,2.30E-05,0.462499746,3.84E-05
126,onc_0126,988.8673372,5.464819379,0.003618838,2.718004796,0.073105475,4.03E-05,0.379090704,5.52E-05
127,onc_0127,1029.204989,4.94530714,0.001663628,3.177802414,0.081219295,1.98E-05,0.383390676,5.84E-05
128,onc_0128,986.0186195,5.722657782,0.003746465,1.461102761,0.066665031,2.83E-05,0.454144266,6.03E-05
129,onc_0129,1463.363769,4.794720745,0.003586128,2.920188917,0.044340238,4.59E-05,0.167216049,4.47E-05
130,onc_0130,1016.917024,1.293612169,0.00123086,2.653319797,0.045566149,4.25E-05,0.176382319,3.29E-05
131,onc_0131,1210.359032,7.928159332,0.001956258,2.526604478,0.077791878,3.89E-05,0.230575117,2.08E-05
132,onc_0132,1417.005301,0.310567167,0.003624105,2.352086841,0.080924736,4.49E-05,0.477922015,3.44E-05
133,onc_0133,1352.68104,4.079116045,0.002439627,2.529509834,0.077066013,5.11E-05,0.403663526,3.72E-05
134,onc_0134,1136.519194,7.402064786,0.001716331,1.598853404,0.046436386,2.80E-05,0.251058268,2.95E-05
135,onc_0135,899.4603482,0.276951954,0.003963167,2.169991641,0.048189259,4.10E-05,0.225820212,5.94E-05
136,onc_0136,1364.654951,0.985168923,0.002252742,2.982412954,0.08125899,3.40E-05,0.353590439,2.68E-05
137,onc_0137,1492.67995,2.393549844,0.003828195,2.569363968,0.061372776,3.55E-05,0.229834777,2.72E-05
138,onc_0138,1010.964905,1.945738795,0.003338753,2.030225467,0.028923318,5.06E-05,0.441013328,5.85E-05
139,onc_0139,1495.017135,1.821562967,0.002188726,2.764829256,0.066582437,2.36E-05,0.419041483,2.92E-05
140,onc_0140,1013.0472,5.416046787,0.00277882,2.444155174,0.030908672,4.75E-05,0.241129118,2.52E-05
141,onc_0141,1428.661987,9.560949832,0.003586383,2.857128935,0.064176074,3.67E-05,0.183376299,3.68E-05
142,onc_0142,1106.098958,2.671562459,0.00317026,2.292576323,0.030292568,2.58E-05,0.376174889,2.30E-05
143,onc_0143,1405.196882,5.001950617,0.00244176,2.466334012,0.074174732,3.00E-05,0.374479743,4.34E-05
144,onc_0144,1040.05602,8.798436865,0.003392278,2.585213302,0.075703146,4.72E-05,0.384292085,5.47E-05
145,onc_0145,1309.104537,6.83339364,0.002855834,2.754889951,0.034869347,4.77E-05,0.437151886,2.10E-05
146,onc_0146,1389.32676,1.375811688,0.002005357,2.738314861,0.034996502,4.56E-05,0.424312265,4.10E-05
147,onc_0147,877.1414891,2.941677518,0.002850781,3.16613512,0.062793553,2.71E-05,0.360249404,4.23E-05
148,onc_0148,1360.592364,1.159108324,0.003283084,2.374279842,0.082336518,2.98E-05,0.359801963,5.87E-05
149,onc_0149,937.2237055,9.378562024,0.003063657,1.522106706,0.043269973,4.19E-05,0.177027143,4.41E-05
150,onc_0150,1089.344205,6.247063626,0.001137226,2.968766251,0.082955948,5.06E-05,0.397642423,2.52E-05
151,onc_0151,1347.102411,0.343410473,0.001066371,1.982498394,0.054345017,4.40E-05,0.376186727,3.84E-05
152,onc_0152,1044.180348,9.971532552,0.002278544,2.212496644,0.035165503,4.48E-05,0.379545211,2.90E-05
153,onc_0153,924.6422726,6.836943091,0.002963534,1.891867149,0.081620814,2.35E-05,0.295041135,5.91E-05
154,onc_0154,1135.500559,6.421406882,0.002192783,1.893587364,0.083574889,3.20E-05,0.444348037,2.94E-05
155,onc_0155,1006.351095,0.408227421,0.002955,2.063347419,0.076516104,3.42E-05,0.468305663,2.75E-05
156,onc_0156,1416.082911,7.788308843,0.003312766,2.920609811,0.07041831,3.92E-05,0.197686719,2.12E-05
157,onc_0157,1448.725947,6.204838114,0.003389612,2.266740233,0.0324324,2.26E-05,0.37692068,3.77E-05
158,onc_0158,998.4879804,4.966786013,0.001192627,2.447548523,0.041383401,4.49E-05,0.255602436,3.88E-05
159,onc_0159,880.4134185,0.817224189,0.002177481,2.263889902,0.060917437,2.82E-05,0.379965443,5.57E-05
160,onc_0160,1360.595861,0.492226371,0.002441521,1.588874321,0.039793167,5.12E-05,0.201324509,4.06E-05
161,onc_0161,1259.528242,7.054403208,0.002678946,1.417587525,0.044774604,3.56E-05,0.183660754,3.44E-05
162,onc_0162,893.9036032,0.877927122,0.00219077,1.638888357,0.059000798,4.13E-05,0.414111703,2.81E-05
163,onc_0163,977.834988,1.135221619,0.002909291,2.671656308,0.02737391,4.95E-05,0.172054395,4.24E-05
164,onc_0164,1316.348278,8.722594325,0.003142261,2.84311055,0.045541083,4.55E-05,0.181154334,5.71E-05
165,onc_0165,1215.422615,8.191247923,0.002356955,2.558439851,0.056573218,4.27E-05,0.181644238,2.23E-05
166,onc_0166,1027.601876,1.679492333,0.003615351,1.794585177,0.083096174,2.97E-05,0.214136007,5.27E-05
167,onc_0167,1284.875295,5.032137593,0.002666091,2.694563201,0.0389912,5.15E-05,0.470439621,4.69E-05
168,onc_0168,997.874009,6.8342596,0.001216595,1.455174504,0.040715964,3.38E-05,0.435997232,5.01E-05
169,onc_0169,1337.378711,4.312384011,0.002037805,2.067869773,0.08379157,1.98E-05,0.435595964,4.39E-05
170,onc_0170,1147.306568,7.280050838,0.002460007,2.972161829,0.078660754,3.25E-05,0.2447595,4.45E-05
171,onc_0171,1443.422709,2.185555671,0.0028689,2.536808396,0.068771274,2.29E-05,0.386704844,5.77E-05
172,onc_0172,985.4609272,2.451678917,0.003914185,1.725758515,0.075927584,3.48E-05,0.235189696,5.61E-05
173,onc_0173,1151.48805,5.196691804,0.0020777,2.467311533,0.035159605,3.14E-05,0.46869978,3.06E-05
174,onc_0174,1283.643252,3.319381636,0.003320419,1.635572589,0.082739503,3.35E-05,0.231574557,2.29E-05
175,onc_0175,979.2571786,5.245762091,0.00201101,2.891990059,0.050936834,2.67E-05,0.35479766,4.93E-05
176,onc_0176,977.5595445,1.759430241,0.001110014,2.725523627,0.064681353,3.42E-05,0.428204073,5.34E-05
177,onc_0177,1239.025745,8.695885677,0.001617524,1.601455315,0.041428025,2.04E-05,0.326998355,5.89E-05
178,onc_0178,897.7416801,1.308888149,0.002356597,3.080975032,0.04416649,3.53E-05,0.168692168,2.60E-05
179,onc_0179,1489.843158,9.654675095,0.00101482,3.113261214,0.063224707,4.72E-05,0.302285585,4.13E-05
180,onc_0180,1178.703555,6.70195615,0.001418954,1.453952462,0.043681061,4.18E-05,0.220517295,4.79E-05
181,onc_0181,1479.393524,1.029617086,0.003017806,2.198750395,0.076739399,2.44E-05,0.379203675,5.47E-05
182,onc_0182,1463.581118,6.86415548,0.002491524,2.512125032,0.076784408,3.74E-05,0.165075352,5.86E-05
183,onc_0183,1304.138696,6.797482519,0.001647025,2.585993846,0.048752086,4.01E-05,0.18971579,4.72E-05
184,onc_0184,1497.833549,0.577299185,0.003931523,2.132434329,0.076893487,4.44E-05,0.338589038,5.06E-05
185,onc_0185,1422.266152,4.100989184,0.001981099,2.601668094,0.073181291,4.37E-05,0.413215065,3.80E-05
186,onc_0186,1384.337277,1.290069648,0.002633467,1.410365589,0.044663931,3.06E-05,0.283348478,4.88E-05
187,onc_0187,1116.018241,4.542066864,0.001712632,2.071853225,0.038921266,2.09E-05,0.350369068,4.77E-05
188,onc_0188,1260.362441,4.688591034,0.002139357,2.954000569,0.05614121,3.44E-05,0.163541106,3.40E-05
189,onc_0189,1110.791272,4.048345531,0.002740517,2.360484584,0.061382707,4.38E-05,0.418120809,4.97E-05
190,onc_0190,1470.400086,0.280502568,0.001587334,1.413613175,0.063717725,4.82E-05,0.233977566,5.85E-05
191,onc_0191,910.8201323,9.350916665,0.002054868,1.582557491,0.054181474,2.70E-05,0.247360804,3.26E-05
192,onc_0192,1375.081337,5.437696639,0.001933923,2.49860081,0.067770319,2.75E-05,0.288966966,2.49E-05
193,onc_0193,986.3774009,6.843066754,0.001544315,2.345294091,0.067351085,2.20E-05,0.338684733,3.05E-05
194,onc_0194,1475.027443,4.887101903,0.003417978,2.390407776,0.02807179,3.95E-05,0.462876757,4.49E-05
195,onc_0195,1385.183997,8.853643987,0.001684239,1.781680712,0.061564217,3.21E-05,0.426810754,5.73E-05
196,onc_0196,1094.056033,2.445018534,0.003341577,1.894650864,0.074052779,3.25E-05,0.371095584,2.38E-05
197,onc_0197,1263.093271,4.572500019,0.002759825,1.702425574,0.068993195,4.71E-05,0.225330647,2.38E-05
198,onc_0198,887.9252982,6.455517854,0.002821282,2.384055343,0.039197285,3.14E-05,0.347467978,4.05E-05
199,onc_0199,1490.565339,1.45075355,0.003085434,2.127773783,0.050778219,4.23E-05,0.379142305,6.11E-05
200,onc_0200,953.4028506,1.130685529,0.003173016,2.441096451,0.041688323,2.11E-05,0.182946738,5.71E-05
201,onc_0201,993.0766713,3.301378465,0.001679969,2.03899335,0.029606727,3.57E-05,0.177111846,5.32E-05
202,onc_0202,1019.231737,5.446117955,0.003640237,2.571579264,0.056960038,2.92E-05,0.262922839,4.77E-05
203,onc_0203,1494.536808,6.65220798,0.00267335,2.715170918,0.052961957,2.05E-05,0.337063052,5.97E-05
204,onc_0204,982.7231041,6.931048419,0.001602801,2.364489832,0.031214913,3.34E-05,0.399747851,3.43E-05
205,onc_0205,1288.753073,7.974954612,0.003781533,1.822355747,0.049073782,2.35E-05,0.476159616,5.85E-05
206,onc_0206,1210.650204,8.436129614,0.002562874,2.522454238,0.030769266,4.35E-05,0.196544878,5.42E-05
207,onc_0207,1361.956656,7.116572508,0.001108481,1.945631041,0.041036371,3.04E-05,0.183588406,5.89E-05
208,onc_0208,1219.304091,3.124690676,0.002190945,2.204964573,0.060951296,3.56E-05,0.452526201,4.05E-05
209,onc_0209,1493.298367,8.529107082,0.001625532,3.075071386,0.032376825,4.56E-05,0.278320736,5.64E-05
210,onc_0210,1415.728834,8.078661461,0.003370091,1.94842245,0.030285077,3.18E-05,0.211357417,4.88E-05
211,onc_0211,1089.479634,9.758540989,0.002922916,2.880465015,0.033330331,4.70E-05,0.45361431,4.01E-05
212,onc_0212,1252.088399,7.671617029,0.001524516,2.304618938,0.049035254,2.33E-05,0.27408858,2.26E-05
213,onc_0213,889.2837324,1.438146263,0.003889345,2.389153165,0.082503527,3.28E-05,0.256072628,4.09E-05
214,onc_0214,1147.866781,1.146080374,0.002922479,1.788868729,0.062072117,4.00E-05,0.204405716,2.24E-05
215,onc_0215,1361.165029,4.652024195,0.001174491,3.190759371,0.028919653,4.15E-05,0.473312744,2.98E-05
216,onc_0216,962.0629679,1.3017109,0.001909825,1.58188246,0.0663547,2.06E-05,0.319966551,6.14E-05
217,onc_0217,1381.922117,6.190672438,0.001918761,2.523012505,0.056610914,3.26E-05,0.197513893,5.68E-05
218,onc_0218,1154.287895,2.026762867,0.002103278,2.145433555,0.074343321,4.28E-05,0.403997044,2.03E-05
219,onc_0219,1133.267057,4.865307101,0.001057577,1.867663776,0.070374987,2.30E-05,0.328337178,2.88E-05
220,onc_0220,880.7260902,2.48789443,0.003927621,2.842766801,0.082134977,3.46E-05,0.190732102,4.26E-05
221,onc_0221,1157.158553,8.459135119,0.001294248,2.278834047,0.034364428,2.92E-05,0.393667037,3.96E-05
222,onc_0222,1108.098973,4.005315158,0.00237834,2.813029779,0.078152251,5.01E-05,0.409687341,3.30E-05
223,onc_0223,1303.268598,4.432270928,0.001764012,2.913568843,0.027777553,4.83E-05,0.304464123,4.64E-05
224,onc_0224,1285.279169,8.961665633,0.002910009,2.505080453,0.029443162,3.57E-05,0.203805645,5.06E-05
225,onc_0225,1193.314312,6.834255014,0.001125019,1.552625629,0.067780511,2.09E-05,0.17829015,2.03E-05
226,onc_0226,1471.011199,7.401332759,0.002059754,1.933764046,0.046146118,4.41E-05,0.369097573,2.75E-05
227,onc_0227,981.9770401,1.074116932,0.002980908,2.775870792,0.041150489,1.92E-05,0.181819387,6.02E-05
228,onc_0228,1057.817758,7.715309164,0.002873991,2.087491351,0.037647682,2.25E-05,0.354108293,5.21E-05
229,onc_0229,1275.622354,5.349991119,0.001125854,3.1432798,0.072642423,2.82E-05,0.472113606,4.49E-05
230,onc_0230,1237.193283,7.505924476,0.003435309,2.581661493,0.033068978,2.97E-05,0.455336564,2.92E-05
231,onc_0231,1105.772998,4.377561141,0.002318215,2.503291248,0.081161258,2.65E-05,0.194536255,2.80E-05
232,onc_0232,1427.522409,6.493527045,0.00185772,2.86870449,0.076339766,4.65E-05,0.452375705,3.03E-05
233,onc_0233,1345.088958,4.659341023,0.003525996,2.711283219,0.071328454,4.02E-05,0.212619818,4.25E-05
234,onc_0234,1488.617821,9.380141858,0.001129521,1.696666668,0.033283364,4.25E-05,0.419672709,2.87E-05
235,onc_0235,1189.333226,8.422959977,0.003198405,2.37602697,0.060346638,3.53E-05,0.251459316,4.34E-05
236,onc_0236,1303.737758,8.745896867,0.002908874,2.770018767,0.034955887,3.38E-05,0.158267286,3.01E-05
237,onc_0237,1327.224895,9.918918518,0.001297534,2.122689769,0.072722487,2.53E-05,0.334731168,5.04E-05
238,onc_0238,1258.171706,1.961444873,0.002066154,2.810825212,0.058215114,1.87E-05,0.401308752,2.13E-05
239,onc_0239,1339.270901,2.104557546,0.00387422,2.062293352,0.044802357,2.34E-05,0.254064067,5.64E-05
240,onc_0240,1495.908778,3.746264352,0.002345832,2.699727689,0.077804744,3.81E-05,0.281845919,3.70E-05
241,onc_0241,1307.946122,0.13186081,0.002858768,2.039887419,0.072375882,2.16E-05,0.345439321,3.99E-05
242,onc_0242,1274.63557,0.742050585,0.002739951,2.410672258,0.058594762,3.85E-05,0.373979143,5.34E-05
243,onc_0243,1041.801441,8.267989161,0.002494767,1.538704902,0.028965112,2.96E-05,0.409038589,4.93E-05
244,onc_0244,1366.073784,5.220963659,0.002320597,1.665414548,0.044876777,3.29E-05,0.183898063,2.90E-05
245,onc_0245,1247.07072,7.383064831,0.003995043,3.079603996,0.063428013,3.24E-05,0.360951589,5.26E-05
246,onc_0246,947.1160361,4.158058408,0.003519407,2.090899313,0.059256397,3.80E-05,0.214898552,3.49E-05
247,onc_0247,1082.236281,0.359347414,0.001072575,2.897054679,0.041624011,3.56E-05,0.251839927,5.90E-05
248,onc_0248,1035.223439,4.353602446,0.003618191,2.91548042,0.036491914,4.51E-05,0.303400148,3.99E-05
249,onc_0249,956.5816568,0.897954986,0.003183818,2.293630074,0.051288723,4.26E-05,0.402770941,2.64E-05
250,onc_0250,1254.57123,1.440005415,0.003254125,2.582519281,0.081960187,2.08E-05,0.173698074,3.16E-05
251,onc_0251,1036.729138,2.545090111,0.003718764,1.84918316,0.041557855,4.36E-05,0.300668881,5.22E-05
252,onc_0252,914.0071168,4.926954817,0.001100841,1.512775766,0.078999213,2.31E-05,0.327402903,3.69E-05
253,onc_0253,1090.256946,9.008350122,0.00106547,2.594821435,0.082360266,3.70E-05,0.458162175,2.20E-05
254,onc_0254,1134.916764,2.675562131,0.003192463,3.166334763,0.040647935,4.02E-05,0.219302889,4.34E-05
255,onc_0255,1163.131001,9.722852763,0.002825582,2.02911147,0.032242835,2.35E-05,0.228103976,3.03E-05
256,onc_0256,1404.827567,5.656105604,0.002570173,1.606583969,0.076267165,4.24E-05,0.177129888,4.93E-05
257,onc_0257,1212.888563,0.909080923,0.002374902,2.272453317,0.035292418,4.98E-05,0.430081037,4.77E-05
258,onc_0258,1162.10784,4.176478862,0.00295292,2.381777365,0.029184759,3.55E-05,0.415992546,3.90E-05
259,onc_0259,905.6254588,7.884154174,0.001604091,1.865517503,0.035229384,2.94E-05,0.399938032,4.15E-05
260,onc_0260,1001.21104,8.790517774,0.003638746,2.967041165,0.039601454,3.34E-05,0.473736555,5.20E-05
261,onc_0261,890.1309966,0.745525453,0.002391794,3.036596371,0.057298995,3.50E-05,0.189353866,4.72E-05
262,onc_0262,1387.005581,3.866158074,0.003326836,3.136057977,0.037534335,3.58E-05,0.248093187,5.29E-05
263,onc_0263,1234.174733,6.382365934,0.003393742,2.112746851,0.079509807,3.61E-05,0.206323112,4.88E-05
264,onc_0264,1368.978007,3.235940603,0.003571538,3.031057859,0.041850237,5.11E-05,0.200747665,2.82E-05
265,onc_0265,988.2997358,8.950498129,0.002962878,1.67378771,0.05149365,3.89E-05,0.182237277,5.66E-05
266,onc_0266,1375.44239,5.101547058,0.00390138,2.151969763,0.083582718,4.06E-05,0.360464609,2.67E-05
267,onc_0267,1424.398945,4.33214791,0.0014867,1.422693536,0.058541392,3.60E-05,0.3878458,5.69E-05
268,onc_0268,922.7830857,7.341815254,0.001562236,2.944718696,0.073843244,3.64E-05,0.384899907,3.29E-05
269,onc_0269,1167.653495,8.234205287,0.002377796,2.044036878,0.054673661,4.59E-05,0.26363617,2.70E-05
270,onc_0270,1318.194363,8.277184306,0.001301912,1.831773403,0.03388782,3.00E-05,0.300866486,5.10E-05
271,onc_0271,1280.149798,6.247192818,0.002057125,2.914605596,0.053320832,5.09E-05,0.360293519,2.51E-05
272,onc_0272,1295.794785,3.318529753,0.003058982,1.525354067,0.035829819,4.68E-05,0.228706238,5.47E-05
273,onc_0273,1047.711519,6.46453091,0.003082452,2.322778556,0.043526497,2.55E-05,0.165981446,3.25E-05
274,onc_0274,1281.409402,9.389217703,0.003613613,2.778916598,0.072036573,4.05E-05,0.239411153,5.76E-05
275,onc_0275,1292.391232,5.648362247,0.001332968,2.204699979,0.052675914,4.71E-05,0.332003236,3.57E-05
276,onc_0276,1483.699045,1.196133874,0.002267645,1.475644415,0.069172019,4.89E-05,0.24579727,5.56E-05
277,onc_0277,1055.801005,9.1166246,0.003261886,2.848832198,0.026572574,5.04E-05,0.390211799,3.25E-05
278,onc_0278,1391.563135,2.887059864,0.003618262,1.602644703,0.067034773,3.64E-05,0.186463456,2.99E-05
279,onc_0279,880.9031429,4.740802858,0.001903796,2.477043472,0.043050114,2.84E-05,0.395554089,2.18E-05
280,onc_0280,1437.504517,8.537412356,0.003003414,2.467798826,0.078165104,2.46E-05,0.180783889,2.98E-05
281,onc_0281,1369.801153,0.443235641,0.002748421,3.191787529,0.076004947,3.58E-05,0.175827652,5.45E-05
282,onc_0282,1247.541517,1.237836671,0.001281572,3.037328275,0.064999758,4.59E-05,0.439459038,4.36E-05
283,onc_0283,1196.579842,4.361231362,0.00195084,2.18227273,0.071176928,3.84E-05,0.443838481,3.83E-05
284,onc_0284,1252.611341,6.349944776,0.002775091,2.664740792,0.039521038,3.55E-05,0.188950048,3.58E-05
285,onc_0285,1177.966301,6.55702017,0.003851593,2.48117192,0.069389755,3.53E-05,0.360281198,2.28E-05
286,onc_0286,1032.157458,3.682345623,0.00241748,1.482167742,0.033772874,2.77E-05,0.46938538,3.36E-05
287,onc_0287,1174.449763,2.041367356,0.00283234,1.905229788,0.037724709,3.56E-05,0.157030245,2.01E-05
288,onc_0288,1010.078959,0.463541489,0.001324077,2.009949169,0.072870881,3.74E-05,0.321015983,3.20E-05
289,onc_0289,1455.542662,4.030448908,0.001261278,2.510719729,0.032227646,2.99E-05,0.319316576,5.63E-05
290,onc_0290,1181.64129,7.052361784,0.003978451,1.636680416,0.04172201,3.16E-05,0.291643923,3.69E-05
291,onc_0291,1440.452257,7.16892318,0.002823716,1.956870892,0.074122179,5.01E-05,0.420776253,1.99E-05
292,onc_0292,1270.932676,0.606240276,0.001772822,1.507144461,0.061140195,4.12E-05,0.192268433,3.58E-05
293,onc_0293,1158.32063,3.753624915,0.001363075,2.154106022,0.069837298,2.09E-05,0.181175406,3.46E-05
294,onc_0294,1461.775656,6.718869203,0.00303601,2.051455984,0.060542145,1.88E-05,0.360925296,5.79E-05
295,onc_0295,1256.039046,8.749616075,0.003171919,1.61700515,0.078764107,2.07E-05,0.327903043,2.57E-05
296,onc_0296,880.467217,4.278139175,0.001885122,2.274800889,0.059570781,1.99E-05,0.195021885,4.31E-05
297,onc_0297,1087.646754,7.318817527,0.002956875,2.922087853,0.066374261,3.27E-05,0.372847028,3.13E-05
298,onc_0298,1064.611252,7.910953083,0.002339259,2.837084613,0.074041452,4.69E-05,0.451634837,3.78E-05
299,onc_0299,1072.457705,5.863767591,0.002113517,2.4819335,0.067146886,4.13E-05,0.27635793,2.68E-05
300,onc_0300,1142.252363,1.511682026,0.003670291,2.022579429,0.034624727,1.93E-05,0.36407021,4.64E-05
301,onc_0301,1086.044634,0.8099477,0.002228887,1.960191491,0.065467142,3.86E-05,0.273137736,2.89E-05
302,onc_0302,1490.721881,4.59461605,0.003064823,1.652995342,0.05416483,1.94E-05,0.318683858,6.00E-05
303,onc_0303,1113.298406,0.486060524,0.001092867,2.098376168,0.034953131,1.93E-05,0.39976411,3.89E-05
304,onc_0304,1053.942445,9.010823512,0.001348417,3.120653892,0.044037293,4.79E-05,0.35020555,5.43E-05
305,onc_0305,1488.207428,2.955213834,0.003883406,2.101067411,0.048259202,2.98E-05,0.330308736,2.62E-05
306,onc_0306,1219.247364,5.462877643,0.003285705,2.900569931,0.051500609,2.85E-05,0.239103346,2.79E-05
307,onc_0307,909.1826213,3.49023499,0.001810743,3.139551295,0.058420606,3.00E-05,0.342938394,2.56E-05
308,onc_0308,1150.699545,6.299719782,0.002466693,2.123201841,0.084157365,4.76E-05,0.356822083,4.35E-05
309,onc_0309,1261.093833,2.092989867,0.002185413,1.471027159,0.05357215,3.65E-05,0.2288906,6.00E-05
310,onc_0310,1441.604605,7.249218031,0.00260016,2.965944487,0.033219844,4.47E-05,0.195609562,5.29E-05
311,onc_0311,1045.518519,8.783196752,0.003832126,1.667832745,0.05281266,5.10E-05,0.31155496,5.58E-05
312,onc_0312,1241.136638,3.815766088,0.001857351,1.765801564,0.070463996,3.13E-05,0.320565808,4.03E-05
313,onc_0313,1233.978257,8.669213742,0.003942218,2.133651575,0.074342201,4.38E-05,0.340694851,5.97E-05
314,onc_0314,998.4565959,1.181715682,0.003561886,2.19046967,0.075489949,4.81E-05,0.175445038,5.66E-05
315,onc_0315,1153.371826,5.153281641,0.002879778,3.067488692,0.026638048,3.43E-05,0.377618045,4.99E-05
316,onc_0316,1306.017396,1.430907781,0.001898187,2.045687946,0.07298014,2.77E-05,0.223379343,5.97E-05
317,onc_0317,878.6899964,9.978426471,0.003030464,2.891244739,0.042895601,1.90E-05,0.39383273,5.46E-05
318,onc_0318,1335.984606,1.514217844,0.003260284,2.784061008,0.064370722,4.39E-05,0.428770238,4.54E-05
319,onc_0319,928.5323765,4.927515316,0.001232948,2.133577456,0.049533506,2.07E-05,0.268037631,2.44E-05
320,onc_0320,1378.337418,9.482111457,0.001216949,3.119207373,0.056347441,2.84E-05,0.180102583,4.07E-05
321,onc_0321,1369.761941,7.100156125,0.001150678,1.531223304,0.049283703,2.83E-05,0.230389147,3.15E-05
322,onc_0322,1375.366889,9.299357731,0.002215308,3.030999804,0.044481582,3.43E-05,0.228334216,4.65E-05
323,onc_0323,1485.062146,6.074581651,0.002073442,2.566071403,0.032763595,4.79E-05,0.317917165,3.85E-05
324,onc_0324,1239.344786,6.285360242,0.001215327,2.628710998,0.039786479,4.21E-05,0.4212084,5.33E-05
325,onc_0325,1218.49073,5.249681934,0.001428628,2.795623071,0.041525969,3.49E-05,0.247167185,2.54E-05
326,onc_0326,1266.655038,0.637887145,0.003245936,1.971656231,0.025517948,3.54E-05,0.170399096,3.13E-05
327,onc_0327,1315.045653,0.720627254,0.003518015,1.406875861,0.040075169,4.30E-05,0.25751279,2.40E-05
328,onc_0328,1098.314211,2.776893535,0.003528136,1.964026252,0.0720652,4.80E-05,0.295520524,5.77E-05
329,onc_0329,1108.99265,9.644376323,0.001267869,2.63663468,0.054650151,3.13E-05,0.359831059,4.92E-05
330,onc_0330,875.8772617,1.752835579,0.003139138,2.599493744,0.082516825,4.37E-05,0.462672847,4.91E-05
331,onc_0331,1059.447533,1.14311273,0.003345472,2.559468599,0.028353475,3.04E-05,0.464621652,4.07E-05
332,onc_0332,1143.627346,4.631226091,0.001626648,2.063672908,0.047332819,2.02E-05,0.403435317,3.72E-05
333,onc_0333,1387.053538,8.518445211,0.001635982,2.583236268,0.053379526,4.76E-05,0.225007591,4.81E-05
334,onc_0334,1253.025464,3.023484628,0.001409803,2.572951569,0.069094912,2.89E-05,0.363750174,3.63E-05
335,onc_0335,1318.939962,2.072231221,0.003670645,1.917337274,0.047213189,2.04E-05,0.191306359,4.13E-05
336,onc_0336,1040.408803,8.371254235,0.00104408,2.082369288,0.045416887,1.91E-05,0.195463278,3.70E-05
337,onc_0337,1181.215009,4.102468498,0.002592813,2.471237015,0.026095608,3.39E-05,0.466787845,4.14E-05
338,onc_0338,1296.647794,3.187452193,0.003321974,2.791258667,0.056271875,5.08E-05,0.195845406,2.05E-05
339,onc_0339,1354.53739,8.09083982,0.001360622,1.878049099,0.026545772,2.82E-05,0.405237694,4.14E-05
340,onc_0340,1090.727151,3.78021902,0.001004061,1.93964095,0.063657772,5.07E-05,0.429138648,2.08E-05
341,onc_0341,1434.795306,7.853664292,0.003341128,2.224392366,0.048996441,2.85E-05,0.176491776,2.93E-05
342,onc_0342,1027.289602,4.89236299,0.003242333,2.252857691,0.028923423,5.02E-05,0.460070481,5.25E-05
343,onc_0343,1492.779505,5.490375095,0.003888305,1.536089073,0.047088958,2.60E-05,0.218570669,2.57E-05
344,onc_0344,1262.189647,7.835086372,0.002734895,1.664532877,0.073374717,3.96E-05,0.280759499,4.79E-05
345,onc_0345,1035.603607,3.517402864,0.003752458,1.92290811,0.053244183,4.80E-05,0.384084621,2.24E-05
346,onc_0346,965.2217678,0.177631749,0.002892765,2.205812166,0.033433609,5.02E-05,0.326510175,2.99E-05
347,onc_0347,1186.052262,6.828241294,0.001228718,1.894466867,0.073129335,3.37E-05,0.331980253,3.78E-05
348,onc_0348,900.5896591,1.74092282,0.002336625,1.776533838,0.028459281,4.64E-05,0.472508792,5.29E-05
349,onc_0349,1406.808265,2.49557359,0.003881881,1.754466268,0.081654229,5.14E-05,0.385378452,6.07E-05
350,onc_0350,1229.140839,2.669463653,0.002310988,2.468409684,0.02982257,3.91E-05,0.472504042,2.77E-05
351,onc_0351,1368.561577,9.088198058,0.003831105,3.128244088,0.056281528,5.08E-05,0.400118682,2.65E-05
352,onc_0352,1171.236412,7.211478636,0.001742021,2.55310733,0.064846344,2.39E-05,0.337964685,5.20E-05
353,onc_0353,1184.984735,0.219820856,0.001027115,2.042652819,0.080165058,2.61E-05,0.360365155,2.91E-05
354,onc_0354,1074.209827,8.495616687,0.003186584,1.571718699,0.050807867,1.95E-05,0.31074102,4.74E-05
355,onc_0355,947.2200649,2.959960895,0.00219351,3.055155844,0.08412235,2.00E-05,0.401314302,3.53E-05
356,onc_0356,1118.455989,7.567223236,0.003755279,3.11167147,0.05956622,3.03E-05,0.409896121,3.03E-05
357,onc_0357,1225.724472,3.649926769,0.002969893,1.832718043,0.036815971,4.89E-05,0.188167203,4.09E-05
358,onc_0358,1011.194032,0.485406637,0.001108056,1.71539919,0.076658443,2.79E-05,0.462571468,4.41E-05
359,onc_0359,1146.055699,5.842879463,0.002550095,2.765797257,0.042180199,3.02E-05,0.444346452,5.93E-05
360,onc_0360,1431.04352,4.25253514,0.003341097,2.25740432,0.054870013,2.53E-05,0.346386072,2.76E-05
361,onc_0361,1080.394515,8.564798996,0.001621227,1.528084913,0.029582164,4.96E-05,0.319157654,3.69E-05
362,onc_0362,1379.989657,8.374676686,0.001996573,2.648512503,0.071014246,4.02E-05,0.204266751,5.63E-05
363,onc_0363,1210.11105,2.896477021,0.002275685,1.467627963,0.033055468,4.38E-05,0.155253762,3.72E-05
364,onc_0364,1199.744989,0.640880758,0.003919234,1.807025596,0.04346088,2.86E-05,0.229752924,1.99E-05
365,onc_0365,1329.026964,9.671770448,0.00167288,2.593484945,0.06928958,4.66E-05,0.291902925,3.24E-05
366,onc_0366,1076.475724,7.154951198,0.003450338,1.726905142,0.047399368,4.84E-05,0.416086283,6.09E-05
367,onc_0367,1344.592875,3.99263249,0.002771914,2.589825658,0.030139707,3.65E-05,0.384601797,2.68E-05
368,onc_0368,1361.083855,5.879350527,0.003856665,1.476360137,0.041166995,3.84E-05,0.251139682,4.96E-05
369,onc_0369,1347.566252,1.114908044,0.002541563,2.316003,0.047301396,4.94E-05,0.422815893,4.89E-05
370,onc_0370,1319.639864,4.670989824,0.003762984,2.650271769,0.068527445,4.70E-05,0.243868308,5.35E-05
371,onc_0371,995.1851389,3.518885327,0.002006831,3.161345843,0.076054582,4.17E-05,0.390336533,4.32E-05
372,onc_0372,1465.129021,5.012961654,0.002141553,1.693463606,0.07190429,4.28E-05,0.279527358,2.09E-05
373,onc_0373,1397.56528,0.213038036,0.003111099,3.146462798,0.051336559,2.63E-05,0.383162992,5.39E-05
374,onc_0374,1214.696269,9.673649225,0.001155006,2.308632077,0.067906236,4.71E-05,0.21321051,5.32E-05
375,onc_0375,1218.619558,4.025881452,0.001395145,2.957532366,0.034790751,2.88E-05,0.249033322,5.61E-05
376,onc_0376,1293.623007,7.987145832,0.001751404,2.524773379,0.059248944,4.61E-05,0.44822419,2.03E-05
377,onc_0377,1294.44615,0.613174411,0.002646576,1.917738912,0.043613002,3.02E-05,0.3561387,3.37E-05
378,onc_0378,1331.123542,4.104821117,0.00120506,2.810767716,0.042372706,3.28E-05,0.376881425,3.37E-05
379,onc_0379,908.5188644,3.801818365,0.003833346,2.555121915,0.065134236,3.94E-05,0.219592118,3.72E-05
380,onc_0380,1342.524921,1.103591686,0.001833558,1.897374395,0.051003598,5.10E-05,0.177076273,4.14E-05
381,onc_0381,985.2618945,9.7096978,0.001339911,2.126481804,0.069052869,4.18E-05,0.291935077,3.43E-05
382,onc_0382,1121.677617,2.716335005,0.001615999,2.269471456,0.041356277,2.80E-05,0.367605506,6.02E-05
383,onc_0383,1250.453432,0.862096724,0.001226751,3.112561798,0.043053241,2.15E-05,0.348945077,4.58E-05
384,onc_0384,1278.497938,2.747280076,0.001045332,3.137027665,0.040315292,4.09E-05,0.383731702,4.52E-05
385,onc_0385,1068.732767,2.783852912,0.002793005,2.958972141,0.081377111,2.20E-05,0.205312284,5.92E-05
386,onc_0386,1333.521344,8.841638866,0.001607898,2.457654568,0.06688451,4.10E-05,0.287221768,2.04E-05
387,onc_0387,1237.507932,2.605705238,0.002350763,3.123645827,0.049057223,4.63E-05,0.216212719,4.78E-05
388,onc_0388,1483.828197,1.108741699,0.00102496,2.180449027,0.030975864,4.33E-05,0.450960165,3.79E-05
389,onc_0389,1034.857712,4.400592858,0.003170343,1.416297491,0.0602939,3.88E-05,0.361440118,2.99E-05
390,onc_0390,1319.468655,1.004775715,0.001597811,2.979446084,0.069102329,1.90E-05,0.23555998,2.87E-05
391,onc_0391,1042.417495,2.550841726,0.001187579,2.22609293,0.068748876,3.86E-05,0.372816325,2.32E-05
392,onc_0392,1467.879268,8.401069155,0.003415271,2.881370849,0.080549596,3.65E-05,0.220009188,4.55E-05
393,onc_0393,1337.488078,7.405382194,0.002564347,1.523225695,0.047409513,4.90E-05,0.34422571,4.22E-05
394,onc_0394,1041.196889,3.747644307,0.003686038,2.599633486,0.071974003,3.35E-05,0.359034136,3.02E-05
395,onc_0395,1314.098292,4.333253204,0.002327637,2.568780184,0.08076027,2.06E-05,0.421922478,3.20E-05
396,onc_0396,1150.621855,0.316941955,0.001903138,2.304736237,0.028824971,3.48E-05,0.455021951,2.42E-05
397,onc_0397,1350.963677,4.155743428,0.002965521,1.868425876,0.034921698,2.38E-05,0.178042866,2.75E-05
398,onc_0398,1288.320327,8.828737057,0.003442377,2.633241758,0.032026626,2.81E-05,0.255422955,3.02E-05
399,onc_0399,1195.054288,5.401982767,0.002070658,2.036820486,0.074403376,4.46E-05,0.254772704,5.79E-05
400,onc_0400,1468.707026,3.334751166,0.002063275,2.310141476,0.081045891,4.75E-05,0.188414325,3.62E-05
401,onc_0401,1219.034662,5.081011478,0.001581589,2.945870188,0.065456529,4.62E-05,0.432922842,5.10E-05
402,onc_0402,1147.678586,6.144412875,0.001481096,2.612561751,0.036087802,4.15E-05,0.229488269,2.47E-05
403,onc_0403,976.4610706,0.119722139,0.003156219,2.718321888,0.05589641,2.38E-05,0.182266459,2.06E-05
404,onc_0404,976.750898,8.919469796,0.001724611,2.037688389,0.031726476,2.59E-05,0.323136073,4.51E-05
405,onc_0405,1026.507464,0.671548376,0.002173099,1.821566068,0.038465959,5.03E-05,0.354524599,4.30E-05
406,onc_0406,1133.030228,4.346548901,0.002622715,2.653573653,0.066943904,2.42E-05,0.316956457,3.70E-05
407,onc_0407,1417.27288,6.35104732,0.002597512,1.607710356,0.061248918,2.24E-05,0.264282374,2.58E-05
408,onc_0408,1305.730633,2.141895927,0.002175578,3.0122146,0.037566786,3.53E-05,0.290817299,2.06E-05
409,onc_0409,1368.663459,0.783554473,0.002422765,2.409220931,0.06259368,4.13E-05,0.237143092,2.02E-05
410,onc_0410,1325.338461,5.403000334,0.003508353,2.878499053,0.075274993,3.46E-05,0.263125406,5.28E-05
411,onc_0411,1155.231385,1.916077744,0.003564922,2.988607778,0.053027113,2.10E-05,0.280649688,5.33E-05
412,onc_0412,1436.803857,2.114380151,0.001200921,2.979230816,0.048488931,3.64E-05,0.4682644,2.26E-05
413,onc_0413,1278.381171,0.833643683,0.002126407,2.846866181,0.051089359,5.15E-05,0.336016229,3.32E-05
414,onc_0414,1010.730584,3.570153289,0.0021176,1.52368462,0.047318712,3.39E-05,0.388940025,4.72E-05
415,onc_0415,1316.163973,0.182800451,0.001653002,2.591031719,0.054070394,1.87E-05,0.415375298,5.20E-05
416,onc_0416,1215.939398,0.757986925,0.003299545,2.450684458,0.071653751,4.34E-05,0.41489269,4.14E-05
417,onc_0417,960.8598401,6.744458986,0.002861421,2.736055737,0.035534742,2.50E-05,0.443155013,5.11E-05
418,onc_0418,1440.838217,7.61128168,0.002791466,2.577438927,0.077977771,3.77E-05,0.359727411,2.63E-05
419,onc_0419,1169.374459,7.192331408,0.001812828,1.764057525,0.044029037,2.65E-05,0.224739852,3.75E-05
420,onc_0420,1440.594463,5.119890503,0.001563761,1.538549005,0.066590434,3.12E-05,0.420980818,4.73E-05
421,onc_0421,1370.840719,2.79226579,0.003077077,1.875311572,0.080924782,3.96E-05,0.260177645,3.10E-05
422,onc_0422,992.488662,6.976945493,0.001656147,2.471545879,0.041126212,4.04E-05,0.418752612,5.22E-05
423,onc_0423,1348.720124,1.958451816,0.001265155,2.658107891,0.047246307,3.28E-05,0.165321748,3.06E-05
424,onc_0424,894.1994362,8.803939149,0.00173019,2.403206905,0.027810184,4.06E-05,0.259697662,5.72E-05
425,onc_0425,1428.268274,3.320377122,0.003702883,3.193083812,0.074218087,4.65E-05,0.235764485,4.38E-05
426,onc_0426,915.188309,1.039687575,0.003996678,1.987950649,0.069660612,4.52E-05,0.432683244,6.14E-05
427,onc_0427,1024.097378,0.499473186,0.002233575,1.634145206,0.02683336,3.04E-05,0.408663926,4.34E-05
428,onc_0428,1068.651882,6.577985854,0.001696055,1.425886603,0.070614779,3.91E-05,0.401732931,2.14E-05
429,onc_0429,1396.391623,6.23330938,0.002690186,2.524305287,0.076520529,3.79E-05,0.343094496,6.11E-05
430,onc_0430,1346.144191,4.478708674,0.003122191,2.100614849,0.039016027,3.83E-05,0.4553684,5.85E-05
431,onc_0431,1086.857894,5.324006916,0.001634908,3.192135997,0.083406135,4.00E-05,0.415349242,4.96E-05
432,onc_0432,1243.903545,0.62814517,0.002364293,2.614615344,0.065491394,3.09E-05,0.459736687,2.68E-05
433,onc_0433,1185.899672,6.939751368,0.003091407,2.567550122,0.04175486,2.37E-05,0.360874945,4.48E-05
434,onc_0434,985.2564742,7.080877541,0.002365516,2.601969065,0.074923345,2.41E-05,0.161440302,5.23E-05
435,onc_0435,1254.241376,7.026431739,0.003514465,2.845059683,0.082214257,3.62E-05,0.313200178,3.66E-05
436,onc_0436,969.2145863,5.768811606,0.001831038,3.058353522,0.059924307,3.81E-05,0.27001134,2.20E-05
437,onc_0437,892.9914405,4.291017927,0.001253696,2.49232452,0.077496547,4.77E-05,0.368345743,2.86E-05
438,onc_0438,1412.566169,8.87232501,0.001589961,2.727366954,0.042417626,4.51E-05,0.477696903,2.11E-05
439,onc_0439,1434.048534,6.264042283,0.003920148,2.237017132,0.075514679,2.06E-05,0.263659128,2.26E-05
440,onc_0440,1482.788226,8.188041682,0.003557642,3.088337417,0.030531989,3.13E-05,0.178218421,2.86E-05
441,onc_0441,1016.515079,4.744161389,0.001805687,1.581760592,0.035393712,2.34E-05,0.469884652,5.15E-05
442,onc_0442,1478.049304,4.453430816,0.001835105,2.836927755,0.044762366,2.84E-05,0.230428488,2.52E-05
443,onc_0443,1033.452236,3.61766551,0.003021983,1.512616716,0.037932093,4.53E-05,0.202755735,3.41E-05
444,onc_0444,1413.605059,1.63376058,0.001248211,2.272168391,0.043355888,3.71E-05,0.415152273,2.55E-05
445,onc_0445,1236.115963,5.104536728,0.001432236,2.523197274,0.041657623,3.46E-05,0.181851933,3.90E-05
446,onc_0446,1064.704991,8.241573991,0.001170936,2.153493095,0.05256221,4.25E-05,0.340940145,4.76E-05
447,onc_0447,1358.844656,8.635809439,0.001941626,2.36844087,0.075085092,5.13E-05,0.442867174,3.53E-05
448,onc_0448,995.1388316,4.94498612,0.003224924,2.286624327,0.054022683,4.62E-05,0.272106298,5.57E-05
449,onc_0449,1127.423341,3.349507746,0.00236197,2.772404526,0.032945427,2.50E-05,0.46289017,2.71E-05
450,onc_0450,1228.00796,5.83521322,0.002468873,2.560541447,0.039072161,3.68E-05,0.2755885,4.74E-05
451,onc_0451,961.4217758,5.751686427,0.001555811,1.901557514,0.038416147,2.46E-05,0.422235379,3.17E-05
452,onc_0452,1452.64872,9.702272601,0.002713781,1.657402021,0.047612232,4.49E-05,0.274042118,2.34E-05
453,onc_0453,1221.168409,8.46669643,0.003387779,1.715221652,0.065210092,2.58E-05,0.225805224,5.62E-05
454,onc_0454,1029.205579,2.706148731,0.00100196,2.967204261,0.072281316,3.93E-05,0.397840932,2.61E-05
455,onc_0455,1159.625163,3.577071935,0.00128133,2.275034873,0.079843191,1.98E-05,0.249490972,2.85E-05
456,onc_0456,1022.003566,9.093502064,0.002404207,2.239338943,0.070391853,2.36E-05,0.31280238,3.77E-05
457,onc_0457,1246.249027,9.995621262,0.003308347,2.116158265,0.074344215,2.42E-05,0.165100128,2.83E-05
458,onc_0458,1085.924243,5.154749499,0.002845387,3.039090291,0.055596676,3.51E-05,0.171495575,2.13E-05
459,onc_0459,1217.652534,4.437968271,0.003517541,1.689223252,0.026983587,3.34E-05,0.232036317,2.19E-05
460,onc_0460,1326.060159,1.2047707,0.002824959,1.90588955,0.035748067,3.11E-05,0.414389477,3.62E-05
461,onc_0461,1342.418569,1.342314338,0.003318314,1.826479985,0.065483222,3.72E-05,0.455679653,3.60E-05
462,onc_0462,914.5065513,0.289639307,0.003480576,2.344524148,0.071257441,2.63E-05,0.266829378,2.11E-05
463,onc_0463,1474.130777,6.711892276,0.003799615,1.877893533,0.061592696,4.10E-05,0.25792652,5.52E-05
464,onc_0464,1465.173272,8.860065665,0.003217201,1.899436424,0.042128268,5.04E-05,0.158575389,4.97E-05
465,onc_0465,1314.589164,6.264626455,0.003970327,1.961382984,0.045571867,2.11E-05,0.298424349,3.07E-05
466,onc_0466,1087.783858,8.362260724,0.003806454,1.73431953,0.047491891,4.92E-05,0.175235148,2.37E-05
467,onc_0467,974.9025078,5.992607058,0.001451417,3.142537487,0.051870791,3.51E-05,0.235004597,3.94E-05
468,onc_0468,1286.879116,7.536653656,0.003261604,2.440204003,0.078876609,4.56E-05,0.400033937,2.21E-05
469,onc_0469,877.4490703,2.203228044,0.002990571,2.14015548,0.049256144,4.78E-05,0.444821291,5.77E-05
470,onc_0470,1069.339492,6.941452546,0.0018149,1.7430977,0.03640523,2.98E-05,0.294272497,5.45E-05
471,onc_0471,948.087928,7.375765889,0.002594365,1.918301617,0.054591468,2.84E-05,0.347987139,3.79E-05
472,onc_0472,975.911676,1.254172438,0.002640087,3.02434346,0.045807072,4.28E-05,0.368221563,5.86E-05
473,onc_0473,1386.304185,5.709392063,0.002971091,3.01709564,0.049085753,2.93E-05,0.158745656,5.43E-05
474,onc_0474,1373.802987,1.134099729,0.002730572,2.235167057,0.032515068,5.10E-05,0.224669768,2.26E-05
475,onc_0475,1244.959355,7.414780104,0.00109733,2.58569175,0.056920743,2.19E-05,0.21103387,4.35E-05
476,onc_0476,1058.388326,9.389325714,0.003456221,3.170420972,0.040833273,5.06E-05,0.294685159,3.43E-05
477,onc_0477,904.6209718,0.622376053,0.003076034,2.22427219,0.038877126,3.88E-05,0.237009144,4.39E-05
478,onc_0478,1097.673427,8.253167043,0.003462088,2.259230717,0.046211967,3.05E-05,0.415769735,3.35E-05
479,onc_0479,1003.822562,0.938414585,0.002400079,2.267837778,0.075132338,2.58E-05,0.278439718,5.35E-05
480,onc_0480,1387.955938,3.907649652,0.002377372,1.945914604,0.080540412,2.24E-05,0.457168538,4.83E-05
481,onc_0481,1205.409174,0.423324702,0.002426789,2.133946589,0.035023582,4.02E-05,0.469261934,4.32E-05
482,onc_0482,1319.906535,0.77765948,0.002253001,1.609445273,0.061671311,4.96E-05,0.369229212,2.30E-05
483,onc_0483,1094.834111,5.551567456,0.002209623,2.900559219,0.073584041,3.88E-05,0.276003892,3.04E-05
484,onc_0484,939.3267426,3.613487067,0.002239518,2.616481265,0.064348257,2.08E-05,0.283053147,2.74E-05
485,onc_0485,971.1657815,8.290291282,0.001125746,2.154529177,0.035435761,4.76E-05,0.33536348,2.94E-05
486,onc_0486,1187.192176,7.341714961,0.003874354,1.796802808,0.077803918,4.94E-05,0.451565419,4.63E-05
487,onc_0487,1266.8194,4.091785269,0.003257194,2.356329233,0.065485874,3.27E-05,0.391772067,5.42E-05
488,onc_0488,964.6799822,8.346004184,0.00262089,2.920398636,0.050961275,3.10E-05,0.451125737,3.03E-05
489,onc_0489,1400.824914,4.891803668,0.002542286,1.955242907,0.059325435,2.93E-05,0.167947372,3.11E-05
490,onc_0490,877.1372211,9.785712392,0.003897242,2.111279535,0.068491437,2.99E-05,0.372241261,5.34E-05
491,onc_0491,1464.919991,4.062101531,0.003349894,1.878671211,0.08394988,1.94E-05,0.350395004,4.73E-05
492,onc_0492,1303.212875,1.29183703,0.003815589,1.726129902,0.062258911,2.59E-05,0.254585356,4.26E-05
493,onc_0493,1133.916746,1.68623345,0.001512809,2.152660619,0.070197552,4.82E-05,0.182451838,3.62E-05
494,onc_0494,935.8084896,0.264265558,0.002985156,2.484408996,0.035129819,2.62E-05,0.162915665,5.46E-05
495,onc_0495,1482.380357,1.441049414,0.001694426,2.963137143,0.080180975,3.24E-05,0.17161827,2.14E-05
496,onc_0496,1231.897364,3.989661578,0.001085957,2.449854306,0.026176967,4.46E-05,0.254331989,2.15E-05
497,onc_0497,1240.899556,4.037075703,0.003921401,2.379557593,0.041751967,4.20E-05,0.243034224,5.75E-05
498,onc_0498,1107.369968,5.543698771,0.001151719,2.167018228,0.074628084,4.52E-05,0.227781163,2.92E-05
499,onc_0499,1384.006685,9.31094436,0.001286083,2.210105551,0.045423303,4.73E-05,0.182256946,2.86E-05
500,onc_0500,1343.480334,0.607809105,0.002477606,2.195792662,0.045243139,3.16E-05,0.326600989,2.65E-05
501,onc_0501,1230.676024,8.07378006,0.003280483,1.677019828,0.034317267,2.74E-05,0.271999902,3.68E-05
502,onc_0502,1297.994745,0.661136278,0.001104018,2.105439013,0.06664989,2.49E-05,0.362674059,3.06E-05
503,onc_0503,1426.998122,8.967330448,0.001891862,1.813988757,0.049781201,2.65E-05,0.372658592,5.42E-05
504,onc_0504,1293.866236,8.261069428,0.002190976,1.681370547,0.069056761,3.04E-05,0.372298709,3.11E-05
505,onc_0505,923.9225832,9.926559775,0.001468605,3.179157789,0.083179654,4.48E-05,0.368467821,4.39E-05
506,onc_0506,1414.506771,2.965451264,0.002403044,2.514901945,0.049774504,3.26E-05,0.262044244,4.33E-05
507,onc_0507,1404.801609,2.095130942,0.003803299,2.640357777,0.07409166,3.69E-05,0.40729893,2.05E-05
508,onc_0508,1384.678685,0.497374705,0.00366974,3.185532945,0.042863031,2.55E-05,0.40272259,3.04E-05
509,onc_0509,1414.169768,1.118141662,0.001377866,3.162472799,0.065273485,4.65E-05,0.260118661,4.80E-05
510,onc_0510,1244.580854,6.071186189,0.003047597,2.435646512,0.050829131,2.76E-05,0.403763088,2.92E-05
511,onc_0511,1305.906059,2.409994944,0.002875991,2.744740881,0.038416388,2.05E-05,0.19759905,4.51E-05
512,onc_0512,1404.096476,0.54546853,0.003202454,2.014373563,0.053748138,4.92E-05,0.262589666,3.92E-05
513,onc_0513,881.7021933,0.907827328,0.001775775,1.450134033,0.062767694,3.26E-05,0.33248727,2.71E-05
514,onc_0514,1058.122315,6.671862301,0.003895908,1.490750192,0.078051912,3.76E-05,0.337587753,4.07E-05
515,onc_0515,916.5247734,0.989780832,0.002802736,2.013725429,0.079638332,3.20E-05,0.201578627,4.96E-05
516,onc_0516,1056.510556,5.302156043,0.003093498,3.0204754,0.072257499,4.09E-05,0.375002593,5.92E-05
517,onc_0517,1058.054852,0.111009733,0.001815864,1.792204483,0.064565106,3.95E-05,0.347139803,2.05E-05
518,onc_0518,1328.672723,3.302951084,0.002995168,2.401841171,0.04573468,2.30E-05,0.185779406,5.45E-05
519,onc_0519,1447.194384,6.532901663,0.001310302,2.12364899,0.068524975,4.43E-05,0.193474809,1.98E-05
520,onc_0520,1318.271261,3.630302142,0.001763444,1.423215446,0.05739327,4.67E-05,0.464890617,4.34E-05
521,onc_0521,1194.714053,0.942058216,0.002646618,2.083962342,0.06133728,3.14E-05,0.232948319,2.38E-05
522,onc_0522,1069.989774,1.056783859,0.001530691,3.177205085,0.051716717,3.61E-05,0.437725815,6.13E-05
523,onc_0523,1237.375667,8.143490828,0.001980823,1.950339123,0.049273697,4.08E-05,0.375829861,3.29E-05
524,onc_0524,956.4128631,6.360722939,0.001384978,2.441286515,0.066429099,4.17E-05,0.398877672,5.62E-05
525,onc_0525,1185.649368,7.329466976,0.002857518,1.735951892,0.027025956,2.79E-05,0.298500519,4.55E-05
526,onc_0526,1404.41708,2.042832595,0.001376649,3.134263905,0.03188575,3.43E-05,0.344586176,4.24E-05
527,onc_0527,926.9243998,0.664566449,0.00131645,2.454057831,0.057631995,2.62E-05,0.361467891,5.40E-05
528,onc_0528,899.1389289,5.031486441,0.003067931,1.854161469,0.043671676,3.88E-05,0.445588398,5.36E-05
529,onc_0529,1237.635543,7.329195006,0.002094467,2.553737951,0.05301955,2.48E-05,0.382150053,4.30E-05
530,onc_0530,1097.30642,9.122257982,0.001062802,1.968391672,0.028866593,4.39E-05,0.382269424,3.36E-05
531,onc_0531,1295.473097,4.019778539,0.003268761,2.217530593,0.049838781,4.94E-05,0.236369248,2.48E-05
532,onc_0532,1238.518673,9.696285942,0.002133518,1.511666175,0.045532531,3.52E-05,0.207606185,4.72E-05
533,onc_0533,1496.793256,4.572220812,0.002064186,2.1212675,0.032304819,4.77E-05,0.289379727,3.59E-05
534,onc_0534,1285.489405,4.476130867,0.0029447,1.510603322,0.073528119,4.96E-05,0.3650218,5.96E-05
535,onc_0535,967.8027681,4.826420276,0.00280542,2.447125965,0.04920041,2.97E-05,0.196257279,3.61E-05
536,onc_0536,974.8211425,7.370220197,0.001626493,1.50541755,0.058105332,3.82E-05,0.437174369,4.39E-05
537,onc_0537,1089.092808,8.049817627,0.002620837,1.542704512,0.058901053,4.86E-05,0.283393724,3.22E-05
538,onc_0538,962.8255841,1.599310667,0.002298314,2.472223683,0.030267145,4.96E-05,0.399414904,4.43E-05
539,onc_0539,1390.965591,0.893848892,0.002430517,2.534167628,0.074409118,4.44E-05,0.244837571,5.90E-05
540,onc_0540,950.8723682,8.763822824,0.003912821,1.718876342,0.068119389,1.98E-05,0.286339416,4.13E-05
541,onc_0541,1236.082298,9.365778758,0.003016752,2.266300312,0.073289227,5.00E-05,0.162384869,6.08E-05
542,onc_0542,926.9868935,8.162429115,0.001841004,1.637923384,0.051466046,3.98E-05,0.27842697,2.21E-05
543,onc_0543,1247.843185,9.033792433,0.002149646,1.789399,0.051626655,2.01E-05,0.420546456,5.43E-05
544,onc_0544,1240.67969,3.5957186,0.00339935,2.398436645,0.074248574,3.94E-05,0.408879666,4.48E-05
545,onc_0545,1132.008875,9.583664013,0.002623341,2.489161133,0.038521058,3.92E-05,0.340073617,2.75E-05
546,onc_0546,910.3949152,6.083157265,0.003291077,2.342122468,0.038891937,4.06E-05,0.181151386,3.82E-05
547,onc_0547,975.2623923,1.926144605,0.001606882,2.096072703,0.028528393,3.17E-05,0.320705486,4.00E-05
548,onc_0548,1112.409202,8.40755142,0.00143598,2.310254139,0.029171087,2.09E-05,0.340803784,4.34E-05
549,onc_0549,1421.964847,5.622949389,0.003879373,1.487650727,0.03129347,2.00E-05,0.215157417,4.24E-05
550,onc_0550,1276.664892,0.551293064,0.003837913,2.915897678,0.043013214,2.11E-05,0.210181286,2.51E-05
551,onc_0551,950.2085263,5.233760718,0.001737542,2.04465149,0.08390108,4.12E-05,0.462093409,2.57E-05
552,onc_0552,1112.006279,5.591844852,0.001230274,1.407537399,0.065072581,3.97E-05,0.288074454,4.02E-05
553,onc_0553,1132.822648,0.337649944,0.002006115,1.71874806,0.031318048,5.02E-05,0.349046973,5.02E-05
554,onc_0554,1070.268108,3.992156582,0.001710772,1.574538208,0.036074724,4.49E-05,0.374327661,4.26E-05
555,onc_0555,1170.104925,9.232099408,0.001218205,1.905081464,0.046159964,4.44E-05,0.476169677,2.98E-05
556,onc_0556,1419.635799,8.323165328,0.001673972,2.118798644,0.049684949,5.09E-05,0.213739587,5.31E-05
557,onc_0557,1082.037156,7.335616423,0.002260033,2.441047574,0.074642732,4.51E-05,0.435399272,2.23E-05
558,onc_0558,1305.716198,1.48587503,0.002247456,2.387459147,0.049275808,3.57E-05,0.477466817,2.54E-05
559,onc_0559,1295.343801,4.020409567,0.001399029,1.685726174,0.081526961,4.76E-05,0.448532947,6.11E-05
560,onc_0560,1003.357535,3.61884944,0.003007657,2.270844572,0.050199323,3.03E-05,0.34724303,4.38E-05
561,onc_0561,974.0692192,4.770224391,0.002660415,2.42651649,0.037908504,4.31E-05,0.163397875,3.46E-05
562,onc_0562,1360.821916,5.682539918,0.001783487,2.650915615,0.058991952,4.49E-05,0.392913044,4.52E-05
563,onc_0563,1178.285456,1.418503044,0.001783999,2.154379051,0.060874875,3.55E-05,0.248431585,2.01E-05
564,onc_0564,1183.324326,2.927697287,0.003203825,1.443103277,0.060020908,4.97E-05,0.211643492,3.95E-05
565,onc_0565,930.293316,6.294250931,0.002651595,2.133257944,0.056276653,4.82E-05,0.2187198,2.07E-05
566,onc_0566,1411.733636,5.813459116,0.003671975,2.474501402,0.073317909,3.27E-05,0.39770971,5.79E-05
567,onc_0567,1230.755458,1.889772991,0.001806393,1.757560238,0.040077126,2.86E-05,0.334746959,4.43E-05
568,onc_0568,1139.733667,6.19266572,0.001244725,1.558018827,0.035649721,3.56E-05,0.224443039,3.16E-05
569,onc_0569,1123.365538,8.137474628,0.001041586,2.568881876,0.064980654,4.49E-05,0.456846335,2.06E-05
570,onc_0570,969.2725051,8.873095811,0.002375556,2.41626315,0.064635483,4.10E-05,0.456518942,6.14E-05
571,onc_0571,1323.284421,2.943489971,0.003639257,1.488597646,0.039146168,4.82E-05,0.238086964,2.90E-05
572,onc_0572,959.4852145,8.605206401,0.002500175,2.614807765,0.039617397,4.36E-05,0.400990193,3.28E-05
573,onc_0573,1129.84718,2.175933747,0.003929683,2.562084639,0.080657784,2.85E-05,0.408066608,5.17E-05
574,onc_0574,1305.469365,9.659825855,0.002180666,1.635291182,0.065147791,4.26E-05,0.341190086,2.84E-05
575,onc_0575,1188.460186,3.190678392,0.0022824,2.561393437,0.069485401,2.62E-05,0.286307902,3.10E-05
576,onc_0576,997.3046902,7.855533478,0.003727758,2.066417934,0.06984325,4.82E-05,0.428835802,2.74E-05
577,onc_0577,1470.880241,3.82909676,0.002017722,1.512376389,0.054199289,2.21E-05,0.235612866,3.30E-05
578,onc_0578,1378.706893,8.767337639,0.001907399,2.945656618,0.076095518,4.38E-05,0.202682398,4.86E-05
579,onc_0579,1463.837292,6.85715074,0.001994851,2.301042771,0.063614476,3.54E-05,0.194035584,3.28E-05
580,onc_0580,1374.687639,8.628038656,0.0014119,3.114296154,0.044913946,4.04E-05,0.398345143,5.37E-05
581,onc_0581,1464.290851,3.197903525,0.003575519,1.637036426,0.067114728,4.31E-05,0.374385033,3.03E-05
582,onc_0582,1418.845619,1.771698787,0.001160904,2.691436983,0.053568,4.66E-05,0.279217632,2.68E-05
583,onc_0583,1395.968192,5.534205353,0.001567587,2.696691197,0.055671007,3.85E-05,0.304276869,5.44E-05
584,onc_0584,1391.668175,7.122949336,0.001316204,2.909936951,0.065106727,4.16E-05,0.272616872,5.65E-05
585,onc_0585,1326.543519,1.214645619,0.002223334,2.995484652,0.028295095,5.03E-05,0.374850425,4.61E-05
586,onc_0586,1042.263063,2.563038709,0.003826175,1.936890418,0.071272858,3.15E-05,0.200276411,2.02E-05
587,onc_0587,1213.338049,9.760210304,0.002107409,2.042946201,0.045814975,3.57E-05,0.297734583,5.65E-05
588,onc_0588,1189.125771,5.126802598,0.001415115,3.168931174,0.040260994,2.09E-05,0.369671708,4.46E-05
589,onc_0589,1132.636791,4.279703115,0.003355192,1.752282752,0.073913455,4.00E-05,0.290719687,3.89E-05
590,onc_0590,1033.567337,7.545931894,0.002538624,1.977538177,0.06068314,5.15E-05,0.295987706,5.82E-05
591,onc_0591,1088.802776,0.641853799,0.001612726,2.153651258,0.038470739,1.85E-05,0.451106597,5.50E-05
592,onc_0592,1337.119759,1.761364497,0.001361091,1.521688549,0.068235233,4.92E-05,0.294459452,2.48E-05
593,onc_0593,1193.421133,3.553435884,0.002124475,2.518395123,0.067921825,2.22E-05,0.166757745,6.13E-05
594,onc_0594,1018.616854,0.632922197,0.001569626,1.470124123,0.048630907,4.51E-05,0.26558798,3.83E-05
595,onc_0595,1295.425513,5.138051294,0.003584337,2.958864215,0.026094834,4.43E-05,0.304223602,6.10E-05
596,onc_0596,1175.194209,9.870269859,0.003263708,1.847488792,0.057280889,5.13E-05,0.432523947,2.39E-05
597,onc_0597,1314.667817,3.5212379,0.001020947,2.126265744,0.039362946,4.56E-05,0.264322479,5.43E-05
598,onc_0598,873.5237417,3.147409585,0.001723496,1.82042125,0.029533718,2.47E-05,0.334881398,3.19E-05
599,onc_0599,1134.042609,3.830982115,0.003627715,3.029538198,0.054599575,2.94E-05,0.18978294,5.96E-05
600,onc_0600,910.7948519,3.046737748,0.001894199,1.976722315,0.035204628,4.44E-05,0.194858459,4.63E-05
601,onc_0601,950.559959,0.798302812,0.003728289,1.742231779,0.073972279,3.65E-05,0.180424127,5.96E-05
602,onc_0602,1027.513077,8.610488919,0.00150643,2.937097188,0.026290637,3.54E-05,0.404041564,5.88E-05
603,onc_0603,1441.446795,8.214286209,0.003664574,1.758595435,0.042279822,2.81E-05,0.277166618,3.62E-05
604,onc_0604,1213.524306,1.682809657,0.00307374,1.701619771,0.04382142,3.52E-05,0.412771091,5.06E-05
605,onc_0605,1276.641249,1.64215528,0.002641136,1.557403703,0.047778342,3.22E-05,0.168122631,3.12E-05
606,onc_0606,1470.4787,9.540962818,0.002056981,1.477580196,0.036078459,3.15E-05,0.461705088,2.57E-05
607,onc_0607,1350.385578,1.17595714,0.003943773,2.086909698,0.07125688,2.98E-05,0.358200455,2.78E-05
608,onc_0608,964.4204381,9.386834982,0.003752942,2.997444092,0.062417062,4.53E-05,0.177572403,3.38E-05
609,onc_0609,1069.230138,6.392888687,0.002067873,1.667312207,0.060707745,4.55E-05,0.278805811,2.53E-05
610,onc_0610,996.0899577,2.451084721,0.001899693,2.557031127,0.060972018,4.15E-05,0.272461392,5.42E-05
611,onc_0611,1000.714993,4.7435034,0.003402816,1.724285566,0.031993063,4.77E-05,0.266132877,4.83E-05
612,onc_0612,888.9941451,6.931464195,0.001948304,1.500333536,0.061495279,2.65E-05,0.280320254,2.32E-05
613,onc_0613,965.1343901,3.049974631,0.001269279,3.039487276,0.025866838,3.45E-05,0.195100833,3.26E-05
614,onc_0614,1451.983528,1.700776077,0.003897497,1.770429879,0.069270093,3.66E-05,0.441237352,4.29E-05
615,onc_0615,1207.27624,2.035034204,0.001498688,3.049680472,0.044855855,3.08E-05,0.400931382,3.39E-05
616,onc_0616,1468.236632,7.405484913,0.002792288,2.985611289,0.028437263,2.70E-05,0.305614848,2.93E-05
617,onc_0617,1338.127937,9.200159507,0.00227131,2.01583868,0.082251468,3.32E-05,0.31337891,3.45E-05
618,onc_0618,1441.663273,5.732659284,0.003286524,2.861252093,0.04568264,3.29E-05,0.429594864,3.49E-05
619,onc_0619,1369.399155,9.415823993,0.002869631,2.734929117,0.073019093,4.65E-05,0.282986546,2.19E-05
620,onc_0620,1124.342763,6.770186675,0.002351051,2.748133672,0.046575667,3.95E-05,0.21552698,5.10E-05
621,onc_0621,1214.237265,2.120237447,0.001875734,2.747495675,0.053988479,2.57E-05,0.468007467,4.96E-05
622,onc_0622,1471.407127,4.328339949,0.002425301,3.016319389,0.056493358,4.19E-05,0.236787578,3.84E-05
623,onc_0623,950.3123386,2.139202355,0.00100283,1.470677093,0.083179884,2.65E-05,0.369724885,5.48E-05
624,onc_0624,1217.34032,1.616130551,0.003184349,2.480452538,0.068661371,4.40E-05,0.470639188,4.37E-05
625,onc_0625,1086.692777,6.519799113,0.001205322,3.015315173,0.032554718,2.94E-05,0.419013111,4.47E-05
626,onc_0626,1119.191882,4.787013028,0.003563642,2.012007895,0.076828353,2.14E-05,0.406420007,5.51E-05
627,onc_0627,986.7951239,4.36043067,0.001496499,2.671887432,0.057101072,3.95E-05,0.218782096,2.86E-05
628,onc_0628,899.0879033,3.288468598,0.002679234,2.944282845,0.064865638,3.29E-05,0.463431858,4.98E-05
629,onc_0629,1454.54976,5.323120935,0.001776713,1.495088035,0.068356539,2.25E-05,0.25314931,4.20E-05
630,onc_0630,1225.938588,6.04577365,0.001498766,2.083527329,0.061930862,5.06E-05,0.390522252,5.83E-05
631,onc_0631,1349.570647,5.957997992,0.00157607,2.600034173,0.062295861,3.84E-05,0.313617363,4.18E-05
632,onc_0632,1082.193302,5.241195657,0.001592668,2.849313915,0.036472768,2.13E-05,0.29630579,4.73E-05
633,onc_0633,1146.744901,2.839865906,0.002674514,2.024604204,0.080558871,4.90E-05,0.317686904,3.35E-05
634,onc_0634,1333.894615,0.46345814,0.002424307,2.00538211,0.079831167,1.89E-05,0.333997162,5.07E-05
635,onc_0635,1176.310493,0.945489999,0.003917384,2.332418776,0.06175336,2.63E-05,0.311584271,3.77E-05
636,onc_0636,919.963646,1.1509875,0.003512418,1.831675914,0.037014561,3.52E-05,0.403816697,2.24E-05
637,onc_0637,1233.68379,1.280183384,0.001109383,1.494939114,0.074734336,2.24E-05,0.169849242,3.81E-05
638,onc_0638,1400.68812,2.697842927,0.002265138,1.471860559,0.052010291,3.76E-05,0.339847087,3.37E-05
639,onc_0639,1070.374015,1.155573827,0.002100395,1.579090404,0.070747113,5.05E-05,0.468913875,5.59E-05
640,onc_0640,1248.675133,7.038570403,0.001855617,2.535386756,0.05239805,3.45E-05,0.400269473,3.16E-05
641,onc_0641,1071.940659,9.253953732,0.001168673,2.274141737,0.079374717,3.87E-05,0.331925263,3.02E-05
642,onc_0642,1087.714344,8.535279316,0.002677654,2.326535949,0.031386236,1.90E-05,0.466847969,3.55E-05
643,onc_0643,1250.188324,0.889179225,0.003049343,3.078620076,0.059480222,2.27E-05,0.343343839,5.18E-05
644,onc_0644,1127.180656,8.810393705,0.002946049,3.018648053,0.062303282,2.28E-05,0.255385718,2.82E-05
645,onc_0645,1441.212002,7.627960666,0.003029195,1.941739375,0.036370551,4.35E-05,0.30856423,2.92E-05
646,onc_0646,1258.569567,0.499305136,0.001978511,2.24340259,0.034241077,5.11E-05,0.222859542,2.52E-05
647,onc_0647,1000.369473,7.713705218,0.002276517,2.417748692,0.026749758,1.96E-05,0.299403233,5.39E-05
648,onc_0648,1426.468561,0.958395019,0.002615089,3.043813435,0.048404417,4.60E-05,0.198479153,5.88E-05
649,onc_0649,1342.827145,9.419210489,0.003029852,2.054127078,0.080872422,2.76E-05,0.262654663,4.90E-05
650,onc_0650,1351.510953,9.30109449,0.001614407,2.836396463,0.069091879,2.06E-05,0.28045473,3.16E-05
651,onc_0651,1063.47174,9.831174108,0.002928332,2.691817084,0.083140572,3.10E-05,0.414517,3.79E-05
652,onc_0652,1416.652022,1.888509659,0.003843059,1.793789075,0.044760394,4.35E-05,0.282566787,4.52E-05
653,onc_0653,1151.030667,7.449462377,0.001684994,1.505224377,0.043208946,3.42E-05,0.209577604,3.46E-05
654,onc_0654,1123.159386,0.668179253,0.002749922,2.99181817,0.034464406,3.83E-05,0.370186775,3.73E-05
655,onc_0655,1311.371047,4.166242281,0.002513912,1.41323548,0.066328663,4.04E-05,0.16766654,3.52E-05
656,onc_0656,1485.093852,4.265291969,0.002505836,3.037874285,0.067835892,3.78E-05,0.413212166,5.58E-05
657,onc_0657,1158.727889,4.803572813,0.002158153,3.140071052,0.066650041,2.13E-05,0.434279365,3.98E-05
658,onc_0658,916.1246292,5.542200826,0.002251493,2.979948929,0.037547798,4.59E-05,0.335573061,2.21E-05
659,onc_0659,1480.601906,5.174890917,0.001872631,2.244932316,0.076132509,2.86E-05,0.217549986,2.52E-05
660,onc_0660,1059.327017,7.822476062,0.002414879,1.809466887,0.035316639,2.95E-05,0.459165147,3.41E-05
661,onc_0661,1490.776954,4.903781512,0.001537492,3.004052165,0.052675743,4.20E-05,0.473323303,2.19E-05
662,onc_0662,933.5889346,7.23252174,0.001845475,1.731742515,0.027832759,1.92E-05,0.405672175,2.54E-05
663,onc_0663,1165.498771,6.09837847,0.002285055,1.448791974,0.071744717,1.88E-05,0.401599478,5.71E-05
664,onc_0664,1143.696593,5.401870484,0.00243095,2.100575514,0.077877254,4.81E-05,0.263832863,4.54E-05
665,onc_0665,1452.513572,9.62437914,0.002526877,2.21508465,0.041955856,5.02E-05,0.201427577,4.40E-05
666,onc_0666,1049.758045,2.862182074,0.002214906,3.197827284,0.028753582,3.76E-05,0.181948882,2.62E-05
667,onc_0667,1147.898817,5.1535553,0.001776377,1.969622836,0.030641956,2.85E-05,0.467777006,5.92E-05
668,onc_0668,1082.465675,5.751453969,0.003728786,1.411130881,0.073348741,4.99E-05,0.184779263,2.65E-05
669,onc_0669,1473.664477,5.421647422,0.00104259,1.863737598,0.052061344,4.14E-05,0.392310077,6.13E-05
670,onc_0670,1052.858875,5.428379008,0.002599971,2.130161467,0.035492307,5.09E-05,0.431161579,4.06E-05
671,onc_0671,1250.208551,2.34988443,0.002631361,2.65094624,0.055910199,5.13E-05,0.352921211,3.53E-05
672,onc_0672,1355.783625,1.787578865,0.002153547,2.024526111,0.050991098,4.44E-05,0.311802508,5.29E-05
673,onc_0673,1233.484389,3.486487403,0.003429936,1.828921407,0.038750924,3.52E-05,0.239592995,2.02E-05
674,onc_0674,1278.368369,5.159828833,0.002336553,3.140543326,0.059216677,4.71E-05,0.200339839,4.35E-05
675,onc_0675,1415.680666,5.872746997,0.003154043,2.069678422,0.030965481,3.37E-05,0.282800966,5.60E-05
676,onc_0676,1025.659264,9.670668853,0.003874414,1.845736958,0.046048676,4.81E-05,0.467797629,3.83E-05
677,onc_0677,1073.789203,5.308330731,0.003063308,1.892254128,0.068969557,2.02E-05,0.171188881,3.59E-05
678,onc_0678,1094.088419,3.224768832,0.002473059,1.977320448,0.036855212,2.87E-05,0.470475548,3.69E-05
679,onc_0679,1151.117721,5.807795401,0.003950022,1.834882298,0.065712712,4.22E-05,0.351622277,2.35E-05
680,onc_0680,1296.229016,0.734537639,0.002788428,2.731246119,0.037959412,4.64E-05,0.165064599,5.50E-05
681,onc_0681,1160.878673,2.254120605,0.001401334,3.115952902,0.029798024,2.51E-05,0.267714878,4.57E-05
682,onc_0682,1213.677918,1.343870575,0.001869184,1.829753188,0.038111244,3.21E-05,0.38289153,2.89E-05
683,onc_0683,1102.342634,3.970082526,0.00392937,3.118399442,0.072726418,2.65E-05,0.177249185,3.30E-05
684,onc_0684,1039.909933,5.108665421,0.003333184,2.94498129,0.075365746,3.04E-05,0.377460353,3.28E-05
685,onc_0685,911.2190098,7.045496129,0.001029483,2.136528657,0.044946794,4.15E-05,0.403007811,3.25E-05
686,onc_0686,1380.457465,3.009775929,0.002338979,2.708633349,0.066399482,5.12E-05,0.228053566,4.74E-05
687,onc_0687,1254.231677,9.159474699,0.001469086,2.753236694,0.059043744,2.76E-05,0.308653785,3.37E-05
688,onc_0688,1235.249842,8.901106047,0.002707915,2.537100353,0.056121504,2.02E-05,0.230542486,4.03E-05
689,onc_0689,1067.062564,1.899459618,0.002512399,1.981057628,0.040741029,3.39E-05,0.198346132,5.85E-05
690,onc_0690,1415.507196,7.105443799,0.001318641,2.796579058,0.073187864,4.39E-05,0.19209973,4.67E-05
691,onc_0691,1394.644714,5.815798672,0.002939222,2.225054263,0.056709217,1.96E-05,0.361852304,2.32E-05
692,onc_0692,1145.055872,2.997285467,0.002636284,1.640149404,0.066324136,4.48E-05,0.208069028,2.41E-05
693,onc_0693,964.1044525,8.783562863,0.002584568,2.241069793,0.031807104,4.00E-05,0.435908988,5.43E-05
694,onc_0694,1264.465496,0.845259295,0.001337191,1.488756177,0.040703945,2.30E-05,0.239333933,3.59E-05
695,onc_0695,1462.561389,6.142722992,0.003504921,2.678632701,0.032148852,4.29E-05,0.244200472,4.65E-05
696,onc_0696,1086.268282,9.976955406,0.001790654,1.902434847,0.080429318,1.93E-05,0.380517417,5.00E-05
697,onc_0697,1395.92843,9.746949175,0.003926806,1.517498164,0.074007046,3.99E-05,0.364561606,2.52E-05
698,onc_0698,1279.549488,9.826577548,0.003735456,2.190435189,0.027867345,3.05E-05,0.422455043,4.91E-05
699,onc_0699,1160.262752,0.645505198,0.002280684,2.244244891,0.080304409,3.97E-05,0.256019854,4.17E-05
700,onc_0700,914.4378702,9.728425533,0.00208018,2.260161239,0.04647544,4.11E-05,0.369376146,4.96E-05
701,onc_0701,1040.752926,3.225117964,0.001375754,2.579917949,0.027858443,3.83E-05,0.436457467,5.69E-05
702,onc_0702,1153.821052,4.647106513,0.001230908,2.607377046,0.073972826,2.66E-05,0.291473427,5.48E-05
703,onc_0703,1421.394148,2.507481805,0.002651712,1.746487671,0.031521904,4.87E-05,0.420552896,5.15E-05
704,onc_0704,903.6313876,8.452915048,0.002314132,2.016311222,0.057757774,2.15E-05,0.399904095,4.41E-05
705,onc_0705,989.7781401,1.963498778,0.001552746,1.502604298,0.060196206,4.63E-05,0.160907873,2.18E-05
706,onc_0706,1231.160061,8.213007285,0.001980217,2.029305918,0.06070063,2.76E-05,0.163853549,5.05E-05
707,onc_0707,1264.212478,5.849484391,0.003225052,2.615415508,0.037659173,3.02E-05,0.196026453,2.52E-05
708,onc_0708,1295.806151,8.600141059,0.003888198,2.531024812,0.036373888,2.20E-05,0.418077233,4.39E-05
709,onc_0709,1259.609052,7.836474679,0.003109832,2.902024855,0.028827204,4.32E-05,0.430364731,3.17E-05
710,onc_0710,1273.461569,3.210204432,0.003873913,1.46016243,0.059723793,2.40E-05,0.385539281,2.71E-05
711,onc_0711,1020.276308,4.994271029,0.003744505,1.78108587,0.034021658,4.36E-05,0.31712032,5.78E-05
712,onc_0712,964.791429,6.494686141,0.001698637,1.682168772,0.065839425,3.82E-05,0.39931591,3.27E-05
713,onc_0713,1153.154684,4.114169596,0.003952268,1.926048122,0.042907275,3.02E-05,0.33780585,3.03E-05
714,onc_0714,1445.251977,2.730287092,0.003687447,1.586255115,0.064254011,4.85E-05,0.209813443,6.02E-05
715,onc_0715,1156.224744,9.462579574,0.00303046,1.942856366,0.036621802,2.86E-05,0.185326249,2.58E-05
716,onc_0716,938.5680082,4.287141083,0.003386735,1.654490398,0.033200258,3.98E-05,0.219007145,2.39E-05
717,onc_0717,977.4387038,9.244940819,0.003464414,2.037316212,0.064210229,3.63E-05,0.374191359,4.83E-05
718,onc_0718,1266.140196,2.734403549,0.001117019,2.220020208,0.078086702,3.74E-05,0.424395319,6.12E-05
719,onc_0719,975.4183084,6.948598628,0.003022881,3.163919805,0.083670668,4.12E-05,0.234020407,5.31E-05
720,onc_0720,940.0485603,7.828923111,0.003730588,2.089100111,0.062724025,3.27E-05,0.296796953,3.27E-05
721,onc_0721,1349.519119,9.368147985,0.003822253,1.714606313,0.07712895,4.29E-05,0.237002445,2.26E-05
722,onc_0722,1040.661692,9.130861544,0.002899536,2.69789839,0.040684656,4.23E-05,0.164342808,3.55E-05
723,onc_0723,1264.902181,1.546355999,0.003469011,1.823056338,0.064001352,3.19E-05,0.347974736,2.43E-05
724,onc_0724,883.7213456,9.104687831,0.00180889,2.875418605,0.084482035,2.55E-05,0.240990307,4.74E-05
725,onc_0725,1476.603669,9.166562047,0.002508627,2.831198509,0.033520414,5.09E-05,0.467063975,2.66E-05
726,onc_0726,1060.304424,1.091534475,0.001815153,2.868720421,0.047834545,2.14E-05,0.265905201,6.07E-05
727,onc_0727,1266.733731,4.219993369,0.001499616,3.175118235,0.073948607,2.78E-05,0.177906012,2.22E-05
728,onc_0728,948.3923623,5.849608978,0.00378629,2.29413817,0.075252528,3.33E-05,0.384363404,5.03E-05
729,onc_0729,981.8860144,3.676038984,0.002911906,1.527253895,0.046844622,3.62E-05,0.477369228,3.96E-05
730,onc_0730,1383.226276,4.377466122,0.003389172,2.471746643,0.077828329,3.21E-05,0.350645791,4.61E-05
731,onc_0731,1134.035208,1.528689233,0.001280678,1.430008791,0.077057584,2.63E-05,0.223638592,5.05E-05
732,onc_0732,1073.176071,5.109842455,0.001487533,3.127542299,0.075762137,4.71E-05,0.286776224,5.16E-05
733,onc_0733,963.0797909,0.185328126,0.001059919,2.455883127,0.052383024,3.56E-05,0.157663132,3.74E-05
734,onc_0734,1321.978504,4.482667649,0.003196658,1.819434136,0.073493814,3.80E-05,0.223398141,2.97E-05
735,onc_0735,1265.700442,8.316401973,0.002246883,1.864940772,0.076672679,4.07E-05,0.300133961,4.01E-05
736,onc_0736,1000.820505,6.305346038,0.002076228,3.192161318,0.053845809,3.46E-05,0.338212517,5.80E-05
737,onc_0737,1373.701353,4.566187691,0.003156098,2.455223898,0.054564764,2.49E-05,0.305259151,3.01E-05
738,onc_0738,1444.972086,3.420527454,0.003856792,2.359499522,0.06277767,3.65E-05,0.197083929,3.55E-05
739,onc_0739,935.1212775,6.267245037,0.002340623,2.800372949,0.038520046,2.39E-05,0.286633464,5.84E-05
740,onc_0740,1317.199155,4.247343885,0.002551817,1.55158342,0.083610192,4.06E-05,0.247532551,4.42E-05
741,onc_0741,941.5819529,9.661783021,0.001524355,2.566454572,0.03999436,4.23E-05,0.406427421,4.79E-05
742,onc_0742,1257.242888,8.93544403,0.00123588,1.995646578,0.040161537,5.12E-05,0.281155291,5.03E-05
743,onc_0743,1301.137464,2.199604251,0.001716993,1.906312214,0.049770774,2.63E-05,0.16160411,5.65E-05
744,onc_0744,1476.704425,3.481546832,0.002015521,1.412765263,0.065651848,4.58E-05,0.202654328,2.65E-05
745,onc_0745,1366.991535,6.201278409,0.001134582,2.520584583,0.04373935,3.07E-05,0.404134957,5.36E-05
746,onc_0746,1123.39291,9.476814066,0.002219388,2.789304863,0.054063778,4.82E-05,0.448765521,2.34E-05
747,onc_0747,1458.505157,8.272794931,0.003373932,1.761640411,0.073020386,4.66E-05,0.248743869,5.95E-05
748,onc_0748,904.3150845,1.584101607,0.002612743,2.436426448,0.063580548,1.91E-05,0.465774993,2.17E-05
749,onc_0749,962.5708735,0.238743724,0.002700575,3.078080391,0.064807791,4.57E-05,0.159544344,4.24E-05
750,onc_0750,1160.399839,5.039782648,0.00121664,2.63198365,0.055205225,4.38E-05,0.312163874,2.60E-05
751,onc_0751,1278.343009,1.806624985,0.003617184,2.50360923,0.03478666,5.04E-05,0.322858289,2.28E-05
752,onc_0752,1264.951907,2.606669179,0.00341108,2.872079732,0.08327805,3.51E-05,0.302355757,5.12E-05
753,onc_0753,955.9507837,5.514463587,0.002638743,1.561051621,0.050175397,4.67E-05,0.432078712,2.39E-05
754,onc_0754,929.8550878,2.700685222,0.003624298,1.632024653,0.067997281,2.18E-05,0.356735394,3.46E-05
755,onc_0755,1366.260673,2.413535443,0.002917605,1.824228562,0.06762336,4.74E-05,0.196250094,5.59E-05
756,onc_0756,1244.164213,1.35839386,0.002282626,1.689548528,0.066837791,4.36E-05,0.189458247,4.09E-05
757,onc_0757,1382.331391,9.368014111,0.002540554,3.110502603,0.057121206,3.15E-05,0.429508,4.04E-05
758,onc_0758,1168.112664,4.954093645,0.003540355,2.897494775,0.049321866,2.95E-05,0.314310007,4.37E-05
759,onc_0759,1022.122674,7.960155339,0.002459448,2.001281987,0.031813547,2.64E-05,0.462190574,3.25E-05
760,onc_0760,978.6954988,4.660660637,0.001921263,1.46328665,0.04457892,3.65E-05,0.333640678,3.47E-05
761,onc_0761,1152.736588,9.658627391,0.002132045,1.864808264,0.039877081,3.37E-05,0.400833245,2.84E-05
762,onc_0762,1316.495544,0.309383251,0.002256799,2.796557117,0.045498758,3.72E-05,0.221527985,5.07E-05
763,onc_0763,905.8270535,8.540172184,0.001594589,2.973916457,0.046312882,4.24E-05,0.258468308,5.76E-05
764,onc_0764,952.3045353,1.867345914,0.00247909,1.54748919,0.037074864,4.97E-05,0.470988167,3.55E-05
765,onc_0765,1450.249927,5.493764289,0.001809227,2.664317698,0.064392042,5.12E-05,0.24095039,4.78E-05
766,onc_0766,905.6674481,1.225095783,0.001011755,3.199029226,0.072852471,4.45E-05,0.320064829,3.23E-05
767,onc_0767,967.697741,2.918279915,0.002127914,2.761358175,0.057355644,2.11E-05,0.1610795,2.41E-05
768,onc_0768,1129.732221,9.338609879,0.002912207,2.84328662,0.053030939,3.05E-05,0.190300177,5.63E-05
769,onc_0769,1362.664176,1.764369166,0.002536782,2.277274654,0.062396886,4.98E-05,0.342713298,4.23E-05
770,onc_0770,904.6043492,0.722784013,0.00156204,1.458447389,0.069375532,4.24E-05,0.199242423,5.47E-05
771,onc_0771,969.8990111,3.081638311,0.001746931,2.070152777,0.040537804,3.47E-05,0.286981264,6.09E-05
772,onc_0772,908.1067651,1.507595626,0.001158478,2.526514151,0.028726613,4.62E-05,0.320780237,4.18E-05
773,onc_0773,1224.174647,1.791055692,0.001593071,1.973871181,0.060532445,2.55E-05,0.192864701,6.03E-05
774,onc_0774,886.8897333,8.046704313,0.003364105,1.934985405,0.033513377,2.33E-05,0.380757539,4.66E-05
775,onc_0775,1362.405184,9.381063607,0.003075782,1.680532766,0.03987564,4.64E-05,0.222927027,2.28E-05
776,onc_0776,1312.735198,4.085010919,0.00376012,2.570459128,0.030845658,4.99E-05,0.238851906,3.39E-05
777,onc_0777,1124.582872,0.607120534,0.002489546,1.621973284,0.049171409,3.01E-05,0.405140113,5.33E-05
778,onc_0778,969.0407221,3.728856755,0.002120059,1.672538799,0.07262704,4.19E-05,0.216808047,3.51E-05
779,onc_0779,939.2834308,6.319245311,0.001364116,3.174681504,0.071578341,3.14E-05,0.342322862,5.78E-05
780,onc_0780,1219.489755,1.827535015,0.00213611,2.917660757,0.063525251,4.00E-05,0.435528059,5.71E-05
781,onc_0781,1448.066347,1.039007013,0.002632378,2.732917138,0.070176536,3.86E-05,0.209179017,5.31E-05
782,onc_0782,1323.255589,0.952744138,0.002391429,1.713159319,0.045424647,1.91E-05,0.28469266,4.27E-05
783,onc_0783,1260.4201,6.668554417,0.003508874,1.787833233,0.032619677,4.67E-05,0.205889188,6.04E-05
784,onc_0784,1399.77852,5.058678398,0.003944264,1.575278112,0.043394024,3.96E-05,0.268421221,5.85E-05
785,onc_0785,914.1695864,5.539177137,0.002772599,2.574910623,0.040596959,3.06E-05,0.428045662,2.79E-05
786,onc_0786,1389.983748,5.670288687,0.003286563,2.684493259,0.037755331,3.73E-05,0.435819604,3.78E-05
787,onc_0787,1477.317561,4.576929491,0.001428357,2.100982424,0.081670315,2.91E-05,0.435940859,5.65E-05
788,onc_0788,1092.034087,0.924250815,0.003173674,1.960722138,0.071710615,3.32E-05,0.312156148,5.22E-05
789,onc_0789,1112.1462,4.486960719,0.002128571,2.061212927,0.056546304,4.53E-05,0.272224166,4.17E-05
790,onc_0790,1292.388115,2.767450518,0.001832568,3.080143629,0.068206046,3.76E-05,0.364683802,2.10E-05
791,onc_0791,1259.495259,5.144137845,0.002637249,2.046962888,0.030317805,2.49E-05,0.462663796,3.68E-05
792,onc_0792,1164.850307,0.62182692,0.001112699,2.690926605,0.057263167,3.53E-05,0.233861886,5.09E-05
793,onc_0793,978.3062738,1.980353962,0.002382137,1.915303752,0.040112883,3.99E-05,0.365735204,5.42E-05
794,onc_0794,1134.23874,0.823542401,0.001820999,3.164009834,0.060695442,4.20E-05,0.157629081,4.14E-05
795,onc_0795,896.6072874,5.7353791,0.003762313,3.143154435,0.057408216,3.37E-05,0.460811827,4.79E-05
796,onc_0796,913.7152947,4.710683219,0.001720735,2.245647779,0.052387194,3.78E-05,0.27060817,2.67E-05
797,onc_0797,1187.999833,8.319008555,0.002992037,2.009062159,0.080715563,4.87E-05,0.222940711,2.14E-05
798,onc_0798,1336.505008,8.293341587,0.003903594,3.001705509,0.060947781,3.60E-05,0.164252126,3.01E-05
799,onc_0799,1160.432201,6.322188611,0.002671755,2.736744781,0.042019151,3.72E-05,0.183749913,3.70E-05
800,onc_0800,1342.038029,6.964668449,0.003971928,1.900204027,0.054908337,2.94E-05,0.297714611,5.55E-05
801,onc_0801,1300.814882,8.836167794,0.001610533,2.972050012,0.029036594,4.79E-05,0.261652716,3.29E-05
802,onc_0802,1193.230965,9.412832858,0.001143344,2.034015755,0.076056633,3.16E-05,0.219645391,3.75E-05
803,onc_0803,1114.139591,9.162620395,0.003285803,2.309208,0.083834117,3.39E-05,0.17408062,3.07E-05
804,onc_0804,1145.715854,1.653335979,0.003842695,2.780328016,0.041341728,3.81E-05,0.38852337,5.91E-05
805,onc_0805,1424.216175,5.200403039,0.003323958,2.411860557,0.058125263,2.23E-05,0.19603535,4.19E-05
806,onc_0806,1041.201909,0.308265334,0.003168518,1.458475874,0.060637509,3.63E-05,0.468506542,4.00E-05
807,onc_0807,912.9040778,5.561710881,0.003523289,3.194328712,0.050904712,2.91E-05,0.448407277,2.78E-05
808,onc_0808,1257.823843,4.116572799,0.001123247,2.025119254,0.041161234,4.12E-05,0.46203192,3.10E-05
809,onc_0809,1380.356785,0.648062188,0.002614363,1.526990115,0.080627636,4.39E-05,0.367991524,5.42E-05
810,onc_0810,1277.882248,9.692549532,0.003141874,3.064385497,0.056026146,2.24E-05,0.326030984,2.51E-05
811,onc_0811,1243.488049,4.876681299,0.002867726,1.418084566,0.03700761,3.48E-05,0.462585822,3.58E-05
812,onc_0812,1138.403735,7.175491281,0.002811378,1.93806707,0.049752429,2.57E-05,0.467603379,2.52E-05
813,onc_0813,1105.566582,0.355805825,0.001665338,2.804848049,0.037381426,2.12E-05,0.308659691,2.02E-05
814,onc_0814,926.1330848,8.095496109,0.00331442,3.047249877,0.075935275,4.11E-05,0.172171306,5.24E-05
815,onc_0815,1401.636532,8.010913243,0.002525437,1.81922331,0.075393238,4.26E-05,0.472369318,2.63E-05
816,onc_0816,1014.201648,2.196801684,0.003377619,1.736433134,0.029443621,5.16E-05,0.163274397,5.46E-05
817,onc_0817,1101.522544,8.431993052,0.002663861,3.022936213,0.080164995,1.88E-05,0.179633773,3.02E-05
818,onc_0818,1291.505601,8.893894745,0.002379826,2.492551609,0.036633447,4.51E-05,0.468025872,3.10E-05
819,onc_0819,1182.440961,0.952549494,0.00267741,2.305010195,0.034033251,3.31E-05,0.263279398,4.16E-05
820,onc_0820,1239.213242,0.184106228,0.003283018,2.683425725,0.047124697,2.03E-05,0.399349887,5.96E-05
821,onc_0821,1023.256755,3.302893676,0.001551439,2.438485022,0.034647249,3.03E-05,0.380622188,4.32E-05
822,onc_0822,1114.708426,4.260471058,0.002686333,1.41055651,0.030142897,4.77E-05,0.180431392,4.93E-05
823,onc_0823,1448.219854,2.779767683,0.002111474,2.424058531,0.077539976,4.97E-05,0.394380381,2.34E-05
824,onc_0824,1291.404805,4.162006847,0.002412103,1.488467103,0.036784648,4.47E-05,0.302033049,3.24E-05
825,onc_0825,1113.181122,8.558555182,0.003246997,1.890167715,0.032443828,2.68E-05,0.452967391,4.41E-05
826,onc_0826,1206.601804,6.004296637,0.002098085,2.852792637,0.056389317,2.24E-05,0.196981917,4.22E-05
827,onc_0827,1458.553215,3.152686005,0.003608624,2.775372056,0.040133505,1.97E-05,0.188181295,5.02E-05
828,onc_0828,997.9535698,3.775582113,0.002505097,2.705842703,0.032191817,3.20E-05,0.312093474,4.24E-05
829,onc_0829,1384.666319,1.799614131,0.003423494,2.64718117,0.058312145,4.17E-05,0.288471816,2.56E-05
830,onc_0830,1289.286563,5.294255836,0.002918124,2.008397806,0.079024536,3.79E-05,0.182864039,3.86E-05
831,onc_0831,1345.910352,7.961932161,0.002483791,3.010545627,0.041305215,3.21E-05,0.445802325,5.72E-05
832,onc_0832,1301.754766,8.603907417,0.00126632,2.956990957,0.044429901,2.44E-05,0.232647843,3.72E-05
833,onc_0833,1030.157562,3.273619102,0.001404935,1.933118178,0.059280682,3.31E-05,0.267358044,5.09E-05
834,onc_0834,1431.638408,7.592213307,0.001996002,2.739995902,0.034478407,2.28E-05,0.267005046,5.35E-05
835,onc_0835,1027.129972,0.726208748,0.001395129,2.945740943,0.062909789,2.69E-05,0.334799352,4.18E-05
836,onc_0836,1282.830258,2.408556789,0.003593209,1.956863412,0.066470969,1.90E-05,0.275744956,3.45E-05
837,onc_0837,1212.854942,0.820088992,0.003370394,1.792005443,0.065462255,4.51E-05,0.336927295,5.07E-05
838,onc_0838,1286.845788,3.619744992,0.003426576,1.930462466,0.059217488,4.32E-05,0.277781604,3.24E-05
839,onc_0839,1160.264224,8.197838594,0.003789765,2.381150143,0.064543368,4.84E-05,0.187114139,2.95E-05
840,onc_0840,1316.247949,8.255070173,0.003571087,2.147192918,0.030781981,3.30E-05,0.229855722,3.19E-05
841,onc_0841,1355.855836,0.847718152,0.003482744,2.169804354,0.060683956,2.15E-05,0.264331684,2.35E-05
842,onc_0842,1474.162904,8.091890328,0.002378898,1.802484587,0.080593535,2.99E-05,0.207302706,4.33E-05
843,onc_0843,1463.056014,0.137919876,0.001714375,3.089205753,0.035605847,2.22E-05,0.339614334,5.57E-05
844,onc_0844,1171.367492,9.946186141,0.003037515,1.533334833,0.084097395,3.20E-05,0.248178735,4.31E-05
845,onc_0845,1063.35746,0.95592932,0.001004285,2.209250035,0.074893624,3.74E-05,0.478333688,3.18E-05
846,onc_0846,1048.448438,1.681519656,0.001492191,1.913335873,0.072295788,4.85E-05,0.470534685,2.95E-05
847,onc_0847,1424.005031,3.349725384,0.001338522,2.966044866,0.063046831,2.40E-05,0.294231639,3.18E-05
848,onc_0848,1333.683445,4.588820683,0.00396784,1.498540968,0.046459584,3.45E-05,0.317933204,3.30E-05
849,onc_0849,1328.961618,8.759996028,0.003816158,2.849168078,0.075703056,3.67E-05,0.422292699,3.25E-05
850,onc_0850,1122.21915,3.237438837,0.002402162,1.914043309,0.082255051,2.89E-05,0.186951721,4.18E-05
851,onc_0851,908.839779,1.194377346,0.001658168,2.23583045,0.0510763,4.50E-05,0.394351735,3.76E-05
852,onc_0852,1081.731815,3.233040962,0.003321985,1.493730331,0.02626661,4.48E-05,0.309530509,2.53E-05
853,onc_0853,1020.390487,9.331789136,0.003578509,2.67761309,0.053966291,3.57E-05,0.470585568,6.01E-05
854,onc_0854,1007.703917,8.129935206,0.001591728,1.78436746,0.065406503,3.19E-05,0.456455569,2.35E-05
855,onc_0855,1192.879102,9.193363151,0.003712341,1.681752584,0.047145428,3.90E-05,0.206788742,6.02E-05
856,onc_0856,1444.914068,1.752806772,0.001363466,1.553735269,0.079176611,2.49E-05,0.289851569,3.85E-05
857,onc_0857,1247.561853,0.810179903,0.001680276,3.076682696,0.07911562,4.44E-05,0.161523199,3.34E-05
858,onc_0858,1265.655608,2.824383097,0.00372876,2.541001031,0.029753242,4.86E-05,0.464934271,2.30E-05
859,onc_0859,1205.901765,3.103306394,0.002178517,1.723372192,0.059622251,5.02E-05,0.317913495,2.33E-05
860,onc_0860,1260.681833,3.468207645,0.003567776,2.182420667,0.036889537,2.48E-05,0.40382221,3.09E-05
861,onc_0861,1352.709233,2.138284377,0.001965059,2.23787655,0.08116834,4.93E-05,0.222139952,3.47E-05
862,onc_0862,966.5320878,5.148852285,0.002381748,3.021368292,0.080389965,3.12E-05,0.314248546,5.72E-05
863,onc_0863,1377.382715,0.136197482,0.001960179,2.159193635,0.039065644,2.51E-05,0.167467242,4.66E-05
864,onc_0864,1037.232057,0.618237066,0.001692938,2.843445115,0.075756695,3.45E-05,0.289782291,6.06E-05
865,onc_0865,998.5129405,2.2320569,0.001875602,1.710963173,0.047896506,4.86E-05,0.354216571,3.70E-05
866,onc_0866,1457.203467,0.579795902,0.001630829,2.418599489,0.061833991,1.98E-05,0.285568552,4.69E-05
867,onc_0867,1309.478995,6.417585035,0.00196169,1.568336222,0.050714065,2.28E-05,0.461654634,3.96E-05
868,onc_0868,1071.452847,7.686410304,0.002493846,1.958061243,0.07342452,4.72E-05,0.37286046,2.18E-05
869,onc_0869,1227.130116,7.656619629,0.001409509,1.811607352,0.077586366,1.92E-05,0.398636793,3.96E-05
870,onc_0870,1152.404938,0.170255672,0.003458195,2.047684821,0.057420782,4.09E-05,0.382438247,5.97E-05
871,onc_0871,1205.264038,4.057223555,0.003861111,2.555798423,0.043103964,2.27E-05,0.427681573,3.49E-05
872,onc_0872,1285.976599,4.761082552,0.001596789,2.483035896,0.029090931,3.22E-05,0.331992475,3.80E-05
873,onc_0873,1341.107543,8.29645705,0.003313729,1.469863306,0.036965611,3.63E-05,0.457515359,5.46E-05
874,onc_0874,1399.776194,3.101761118,0.002288344,2.247270705,0.034796556,1.95E-05,0.461421584,2.98E-05
875,onc_0875,1023.130062,0.925452632,0.003785523,2.443526807,0.064872094,4.87E-05,0.267002825,4.57E-05
876,onc_0876,897.4015992,1.949048029,0.003493737,2.780183041,0.046201556,3.10E-05,0.327769491,1.98E-05
877,onc_0877,1023.939772,2.161494905,0.001751449,2.850630517,0.042013659,2.48E-05,0.318298547,5.59E-05
878,onc_0878,1024.005632,0.877508804,0.002069214,2.745773284,0.058006455,4.55E-05,0.465524525,5.29E-05
879,onc_0879,1250.557114,4.984081722,0.001120207,3.171779562,0.048139364,2.35E-05,0.370823641,3.17E-05
880,onc_0880,1239.290708,5.909002288,0.002337189,2.905013508,0.041145805,3.33E-05,0.329107373,4.75E-05
881,onc_0881,1363.171605,4.0085921,0.002938141,1.671099716,0.080545913,3.12E-05,0.391133457,2.06E-05
882,onc_0882,1001.402224,4.922117189,0.003634757,2.34905927,0.080382005,3.45E-05,0.313831811,2.48E-05
883,onc_0883,1374.850285,2.544957583,0.003698837,3.039483597,0.081175082,3.57E-05,0.374181504,5.23E-05
884,onc_0884,955.0406874,6.04947623,0.001102894,2.29561895,0.034647325,2.46E-05,0.27328448,3.78E-05
885,onc_0885,1262.663924,0.836841343,0.002511075,1.728725234,0.05938049,3.96E-05,0.335256371,5.06E-05
886,onc_0886,1082.922558,7.674555257,0.002298301,2.271532097,0.063754749,1.91E-05,0.366712492,4.56E-05
887,onc_0887,1066.81994,0.949363421,0.001272806,3.061802745,0.066184631,2.27E-05,0.27059287,4.45E-05
888,onc_0888,1395.424094,0.532243194,0.001709899,3.001548183,0.026050863,2.52E-05,0.465340877,4.54E-05
889,onc_0889,1036.707688,0.763211835,0.001084574,1.840541143,0.077526808,3.23E-05,0.388162592,5.81E-05
890,onc_0890,1128.195691,1.993645973,0.002551354,3.034550637,0.072976435,2.07E-05,0.379186489,4.36E-05
891,onc_0891,1440.359858,1.312566027,0.002602108,2.983032848,0.049705657,3.45E-05,0.178032756,3.14E-05
892,onc_0892,1075.982881,9.456712243,0.001848002,2.229563723,0.065123925,2.39E-05,0.312536281,5.06E-05
893,onc_0893,1414.977851,6.299966819,0.003007161,1.627310251,0.081320625,2.29E-05,0.405732748,3.08E-05
894,onc_0894,1456.692394,7.22759944,0.003261441,1.794306512,0.051653955,3.89E-05,0.40421327,2.41E-05
895,onc_0895,1474.676441,8.913184638,0.001811046,2.880968437,0.056096489,3.38E-05,0.256919124,4.40E-05
896,onc_0896,1329.367193,4.168235759,0.002887658,2.658763258,0.067473564,2.02E-05,0.433240855,3.89E-05
897,onc_0897,1037.173172,2.493468624,0.002449042,2.996296771,0.047836432,4.33E-05,0.186555368,3.97E-05
898,onc_0898,1493.003422,7.727334248,0.001631585,2.302594653,0.039296285,3.21E-05,0.407482368,5.20E-05
899,onc_0899,1015.724141,9.23001085,0.002777705,2.083863724,0.055129406,3.85E-05,0.336285005,4.01E-05
900,onc_0900,1188.758249,1.846477913,0.003438199,2.375168576,0.033245072,4.39E-05,0.456746436,5.93E-05
901,onc_0901,1103.804534,1.441617048,0.002555199,1.602696613,0.080624947,2.46E-05,0.236979313,3.68E-05
902,onc_0902,1112.646951,7.967162635,0.00236895,1.707382868,0.041278156,3.54E-05,0.20292775,4.53E-05
903,onc_0903,1226.770354,7.175552932,0.003813114,3.04205821,0.081338276,2.66E-05,0.197790326,3.24E-05
904,onc_0904,1432.622987,9.723329399,0.003577975,1.598031898,0.081418081,3.25E-05,0.158260389,3.82E-05
905,onc_0905,901.9455345,5.484391419,0.002015662,2.25218288,0.061693412,4.73E-05,0.369269256,3.79E-05
906,onc_0906,1385.33338,9.065263162,0.00135928,2.35747936,0.042299157,2.01E-05,0.371417888,5.58E-05
907,onc_0907,974.9723042,8.14289521,0.003560187,3.045812797,0.041164572,4.84E-05,0.258933095,4.28E-05
908,onc_0908,904.7196946,0.534422775,0.00316112,2.20006396,0.040633909,2.48E-05,0.371872762,1.98E-05
909,onc_0909,1376.872275,0.884571101,0.001574469,2.095225512,0.054121696,3.03E-05,0.258949071,6.00E-05
910,onc_0910,1274.16938,0.331986258,0.002290528,2.97501566,0.043299042,2.16E-05,0.400466132,4.51E-05
911,onc_0911,1229.623833,0.63040794,0.001421497,2.520588913,0.037773763,3.52E-05,0.331432044,3.16E-05
912,onc_0912,1465.963143,8.440394658,0.003167121,1.54038896,0.031772772,3.48E-05,0.207215054,6.06E-05
913,onc_0913,972.2330723,4.925931571,0.002092363,2.550895559,0.033124487,3.27E-05,0.244073125,5.68E-05
914,onc_0914,898.5180994,9.145902191,0.003498982,1.93562729,0.072086337,1.95E-05,0.467876307,4.18E-05
915,onc_0915,1062.715805,3.689573805,0.001199216,3.180829125,0.027828632,4.02E-05,0.298404235,5.94E-05
916,onc_0916,1026.912138,5.367659557,0.002447069,2.665159599,0.029523309,2.49E-05,0.224627389,5.06E-05
917,onc_0917,991.3711421,5.777568463,0.001645731,2.95092491,0.081108716,3.57E-05,0.269165555,2.96E-05
918,onc_0918,904.265615,2.758150754,0.002962707,2.360510476,0.081218229,3.16E-05,0.379603773,4.02E-05
919,onc_0919,1193.535764,2.750965715,0.002364852,2.247412995,0.067209239,4.96E-05,0.261732742,2.16E-05
920,onc_0920,1183.359268,5.490167188,0.001505322,2.768836291,0.083631035,4.98E-05,0.218982267,5.63E-05
921,onc_0921,1313.493747,4.593080982,0.002621833,2.929280315,0.053842942,3.09E-05,0.314736644,4.39E-05
922,onc_0922,991.3329875,9.01898653,0.003022561,2.539884051,0.03138131,3.85E-05,0.194361421,2.31E-05
923,onc_0923,1202.745675,4.087576787,0.002766431,1.560599903,0.050942472,2.43E-05,0.474418942,4.32E-05
924,onc_0924,1302.83241,3.321640979,0.001284217,3.156567553,0.042402253,3.25E-05,0.365377,2.08E-05
925,onc_0925,1379.60247,5.412124081,0.001834652,1.510894374,0.035099092,4.81E-05,0.377069073,3.02E-05
926,onc_0926,914.1537581,6.937091593,0.002717223,2.128135144,0.046966848,2.57E-05,0.371762104,6.03E-05
927,onc_0927,982.9808144,6.011454538,0.002272555,2.204039699,0.040507326,4.58E-05,0.312152547,4.25E-05
928,onc_0928,1063.640809,1.89990381,0.001257731,2.685414454,0.037089858,4.13E-05,0.28147432,3.71E-05
929,onc_0929,1166.409394,3.74031423,0.00130186,1.957337258,0.064677213,4.05E-05,0.247797768,3.90E-05
930,onc_0930,994.0641899,2.182683607,0.001069141,3.01414379,0.037943879,2.60E-05,0.245656327,2.51E-05
931,onc_0931,1272.721265,0.843915236,0.001402607,2.560562108,0.0455535,4.19E-05,0.335487717,3.05E-05
932,onc_0932,1279.95001,1.251109435,0.002609231,2.186866589,0.04131732,3.85E-05,0.436987004,6.15E-05
933,onc_0933,1253.032119,4.106588156,0.001675621,1.862772961,0.053802818,3.07E-05,0.450722788,3.52E-05
934,onc_0934,1106.571542,3.896991673,0.003509861,2.571418978,0.061752334,2.96E-05,0.419711137,2.14E-05
935,onc_0935,1417.441773,5.176224008,0.002194751,2.294901105,0.06489444,1.89E-05,0.437057577,3.84E-05
936,onc_0936,1087.521223,1.4686311,0.002318396,2.293380988,0.049329342,4.10E-05,0.291342684,5.99E-05
937,onc_0937,1247.728413,8.094031563,0.001328068,2.115124327,0.045387509,3.73E-05,0.433682446,2.31E-05
938,onc_0938,918.5128775,8.518145311,0.00163855,2.603755858,0.057545442,4.61E-05,0.195696248,2.52E-05
939,onc_0939,1221.189316,9.469148668,0.002244993,1.98849578,0.061310964,4.93E-05,0.425862245,6.13E-05
940,onc_0940,887.2564929,1.217295633,0.002828403,2.877037591,0.042342375,2.64E-05,0.409710755,2.22E-05
941,onc_0941,1104.032624,5.107511304,0.002681046,2.711507282,0.046449579,3.88E-05,0.344525289,4.26E-05
942,onc_0942,1273.484082,2.668546794,0.001253946,1.61468901,0.03876269,3.51E-05,0.426998759,4.90E-05
943,onc_0943,1366.33983,3.574658677,0.002213961,2.108627395,0.036832508,2.05E-05,0.346316809,6.11E-05
944,onc_0944,977.4269071,0.562179717,0.003338595,1.854654812,0.074467591,4.18E-05,0.461024081,3.69E-05
945,onc_0945,1286.914248,4.70206233,0.002891766,2.209278031,0.036641259,3.53E-05,0.326162416,5.36E-05
946,onc_0946,1332.887217,6.671537077,0.001340161,2.697109323,0.055033194,4.81E-05,0.452681068,2.21E-05
947,onc_0947,1386.092007,0.473204165,0.002101509,2.376139956,0.034249484,4.32E-05,0.15795141,2.68E-05
948,onc_0948,1236.177058,7.172436864,0.003749929,2.669893973,0.065151946,3.16E-05,0.155665306,2.48E-05
949,onc_0949,1207.273318,6.78378587,0.002252345,2.715222221,0.056305289,2.10E-05,0.217336535,5.48E-05
950,onc_0950,1326.256712,8.958143671,0.001352672,3.182400562,0.037867169,1.89E-05,0.477756733,3.15E-05
951,onc_0951,1290.695559,1.84915491,0.002740686,3.027262976,0.04440401,4.07E-05,0.216006746,4.59E-05
952,onc_0952,1083.448292,2.19096176,0.001939546,1.721913923,0.078732407,3.16E-05,0.23455861,3.85E-05
953,onc_0953,1073.501131,7.469750613,0.00391366,2.188460582,0.076319903,3.72E-05,0.20609058,4.86E-05
954,onc_0954,1194.072232,6.54100458,0.003669062,2.192782227,0.078688829,4.33E-05,0.313235517,4.50E-05
955,onc_0955,1076.654487,9.837613267,0.003002053,1.478924334,0.044784081,3.91E-05,0.173464802,2.08E-05
956,onc_0956,1154.437651,3.393632779,0.002314896,1.872847958,0.035230056,4.13E-05,0.321631425,2.81E-05
957,onc_0957,1072.909371,5.958898286,0.001216688,1.665415417,0.02983225,4.54E-05,0.398534001,5.12E-05
958,onc_0958,1320.889156,6.726915694,0.002430976,2.556100694,0.02777373,3.91E-05,0.406768977,4.07E-05
959,onc_0959,1096.613706,2.846524675,0.002928406,2.647042158,0.076906124,2.98E-05,0.404148178,4.32E-05
960,onc_0960,1424.966948,5.325339872,0.002552889,2.440178747,0.069727379,5.04E-05,0.179035975,2.20E-05
961,onc_0961,1459.165838,5.345768693,0.002844709,2.268362483,0.031036761,4.39E-05,0.396857617,3.28E-05
962,onc_0962,1064.56484,8.394629671,0.001217072,2.985989267,0.040655702,3.81E-05,0.457894358,4.81E-05
963,onc_0963,1132.189354,6.926388668,0.002031939,1.899065149,0.084324653,4.34E-05,0.363713757,3.46E-05
964,onc_0964,903.8779763,0.407463073,0.002662544,2.771658898,0.057220947,4.63E-05,0.166058135,3.51E-05
965,onc_0965,1021.330848,4.528002385,0.001217129,3.117436955,0.038684385,4.90E-05,0.292958293,6.09E-05
966,onc_0966,1219.464193,9.315245355,0.001016047,2.746829851,0.078799357,2.31E-05,0.186331333,3.75E-05
967,onc_0967,1456.746,5.469626946,0.002582369,1.654027013,0.025556589,4.53E-05,0.183566359,4.62E-05
968,onc_0968,1444.831015,2.16565394,0.002995819,1.541657438,0.061137817,2.39E-05,0.393213224,3.24E-05
969,onc_0969,1162.79255,6.034362366,0.00151382,2.734948074,0.04336892,4.04E-05,0.206429242,4.85E-05
970,onc_0970,953.2739549,4.311029313,0.001741618,2.747075449,0.040972784,4.77E-05,0.443611147,2.80E-05
971,onc_0971,1256.834408,0.968404653,0.002174611,2.683979113,0.064422812,3.92E-05,0.246606763,3.56E-05
972,onc_0972,937.4964877,7.218325922,0.002511666,2.675778138,0.040200251,2.92E-05,0.263315187,2.09E-05
973,onc_0973,1086.321973,8.052715278,0.003691895,2.332792968,0.052389325,1.95E-05,0.439531931,2.03E-05
974,onc_0974,1463.666038,4.943240862,0.002025803,3.063593183,0.026949322,3.77E-05,0.332741842,2.89E-05
975,onc_0975,1141.226089,6.557413659,0.003181394,1.401290346,0.080794071,2.39E-05,0.230775898,3.08E-05
976,onc_0976,896.7894764,1.318216024,0.00395905,1.967390127,0.03231396,2.20E-05,0.387880186,5.54E-05
977,onc_0977,1033.758035,0.307004172,0.00166927,1.501728243,0.031611374,3.28E-05,0.229591806,4.13E-05
978,onc_0978,1031.59627,9.411319281,0.003717832,2.420250989,0.046424692,3.11E-05,0.288418317,5.01E-05
979,onc_0979,1155.446954,8.58162647,0.003832284,2.004703076,0.058596791,2.16E-05,0.220069662,3.70E-05
980,onc_0980,1002.037008,8.777948859,0.001474859,2.220189479,0.061252539,4.14E-05,0.27911165,5.60E-05
981,onc_0981,1228.377885,4.451127026,0.001201722,2.236441043,0.073941929,3.88E-05,0.424321408,4.04E-05
982,onc_0982,947.1944888,0.235034474,0.001909659,2.656382849,0.072143532,2.83E-05,0.315514739,3.74E-05
983,onc_0983,1129.747266,2.390352261,0.001409113,1.754039405,0.028775185,2.51E-05,0.158225018,4.60E-05
984,onc_0984,1070.900448,9.734132643,0.001581151,2.022491427,0.046626341,1.88E-05,0.4265995,2.11E-05
985,onc_0985,1460.809406,8.931536076,0.002606566,2.378472035,0.06408968,3.13E-05,0.364522853,2.17E-05
986,onc_0986,906.9324695,4.626581154,0.002648867,2.998071753,0.031686063,4.57E-05,0.223166706,3.62E-05
987,onc_0987,1071.042352,4.061537201,0.001451486,2.306426134,0.072815229,3.31E-05,0.313884994,5.52E-05
988,onc_0988,1314.471625,4.955498644,0.001773087,2.992868144,0.05956019,2.58E-05,0.242267181,5.33E-05
989,onc_0989,900.7431836,9.921712652,0.001391055,2.832923346,0.048805839,3.48E-05,0.439999558,3.70E-05
990,onc_0990,1209.110471,0.588066658,0.001007042,1.840639771,0.065671463,2.25E-05,0.192033792,3.69E-05
991,onc_0991,1278.080541,7.149512723,0.001535352,1.543258665,0.081003181,2.71E-05,0.431171057,5.58E-05
992,onc_0992,1356.015246,1.771452706,0.003465404,2.784651007,0.060722847,2.97E-05,0.240129532,2.49E-05
993,onc_0993,1191.773655,5.894082668,0.002078017,2.255646322,0.046961124,3.97E-05,0.446663152,2.66E-05
994,onc_0994,1111.549577,1.494599179,0.002874831,2.711966917,0.080502519,2.77E-05,0.462491291,2.24E-05
995,onc_0995,1250.063815,0.665613921,0.003681323,2.353656303,0.065008497,4.60E-05,0.203851437,2.14E-05
996,onc_0996,1422.49466,3.217838952,0.001386937,2.243230227,0.060816265,1.95E-05,0.244134762,2.12E-05
997,onc_0997,1135.880635,8.961490288,0.003947957,2.546685596,0.035048301,4.85E-05,0.322173571,2.62E-05
998,onc_0998,1449.275255,7.598943602,0.003195116,2.676525267,0.037332128,2.55E-05,0.377802658,2.90E-05
999,onc_0999,1147.341744,7.841818073,0.003351858,2.215871191,0.072257425,4.63E-05,0.366965191,2.93E-05
1000,onc_1000,1044.421063,3.216927439,0.001350412,1.891687317,0.037873808,3.36E-05,0.448984197,2.42E-05
